protocol,seed,A_auc,B_auc,delta_auc,A_log_loss,B_log_loss,delta_log_loss,A_brier,B_brier,delta_brier,A_accuracy,B_accuracy,delta_accuracy,A_score_correlation,B_score_correlation,delta_score_correlation
warm,42,0.766462141642,0.773217141584,0.00675499994166,0.528113274148,0.523101032575,0.00501224157265,0.176800219844,0.174539008047,0.0022612117967,0.73475,0.73995,0.0052,,,
warm,43,0.771916537175,0.77541664757,0.0035001103946,0.520007070173,0.517561510464,0.00244555970849,0.173615894955,0.172647517852,0.000968377103201,0.74035,0.7427,0.00235,,,
warm,44,0.768757027472,0.771110150204,0.0023531227329,0.525815270087,0.526747162846,-0.000931892759361,0.175906667483,0.175965095133,-5.84276504421e-05,0.73785,0.73835,0.0005,,,
warm,45,0.780797897538,0.785050616774,0.00425271923633,0.511482012813,0.508577233879,0.00290477893397,0.17039367435,0.169152465876,0.00124120847448,0.74585,0.74975,0.0039,,,
warm,46,0.768827716961,0.770833262097,0.00200554513566,0.525758927107,0.525447031366,0.000311895740565,0.17571974419,0.175428564381,0.000291179809814,0.73775,0.74105,0.0033,,,
cold,42,0.754671342565,0.752012727823,-0.00265861474234,,,,,,,,,,0.697403438717,0.66899543943,-0.0284079992875
cold,43,0.760290051105,0.75393417652,-0.00635587458474,,,,,,,,,,0.724726241835,0.677906140403,-0.0468201014327
cold,44,0.750994149061,0.746486321286,-0.00450782777511,,,,,,,,,,0.65405898206,0.631249244143,-0.0228097379175
cold,45,0.765819313833,0.75875237639,-0.00706693744333,,,,,,,,,,0.731219060636,0.674757154285,-0.0564619063516
cold,46,0.75902416951,0.750013033419,-0.0090111360906,,,,,,,,,,0.703869705224,0.634875619861,-0.068994085363
