dataset,method,point,lower_two_sided95,upper_two_sided95,passes
KMLE,mean_uld64,-0.0025036197169598,-0.0132140184168694,0.008041556557939,False
EdNet,mean_uld64,-0.0187053005188336,-0.0373185369759689,-0.0003885454128372,False
KMLE,predictor64,-0.0074517505917958,-0.0207233949677314,0.0050232830157469,False
EdNet,predictor64,-0.0189069544572016,-0.0380280083150978,-0.0001728865054049,False
KMLE,predictor_pca16,-0.0159544581781654,-0.0355623621526057,0.0043844393806656,False
EdNet,predictor_pca16,-0.2356634430063555,-0.2900874424922881,-0.1829111484147098,False
KMLE,predictor_pca64,-0.022813594378551,-0.0409101619315987,-0.0052841082030125,False
EdNet,predictor_pca64,-0.1607472949919008,-0.2024615619794273,-0.1196514364872289,False
KMLE,predictor_pca8,-0.020269573610637,-0.0441450242735408,0.0044618178756132,False
EdNet,predictor_pca8,-0.2509281298237065,-0.3066630125906804,-0.192942801273068,False
