dataset,model,parameter,seed1,seed2,n,raw_pearson,raw_spearman,raw_rmse
KMLE,Rasch,b,42,43,360,0.999767352234,0.999772889194,0.0368279947106
KMLE,Rasch,b,42,44,360,0.999810750566,0.999763115456,0.0331358495852
KMLE,Rasch,b,42,45,360,0.999762329895,0.999780862507,0.0374030596021
KMLE,Rasch,b,42,46,360,0.999623585656,0.999777776063,0.0471704030631
KMLE,Rasch,b,43,44,360,0.999766567424,0.999777776063,0.0370676308494
KMLE,Rasch,b,43,45,360,0.999766041849,0.999739967129,0.0377245712121
KMLE,Rasch,b,43,46,360,0.999674377507,0.999794237095,0.0445898870477
KMLE,Rasch,b,44,45,360,0.999775132982,0.999765944696,0.0363276506529
KMLE,Rasch,b,44,46,360,0.999702693638,0.99976337266,0.0419368155008
KMLE,Rasch,b,45,46,360,0.999760619481,0.999795780317,0.0373419116826
KMLE,2PL,a,42,43,360,0.995551069101,0.996547869952,0.0378370486309
KMLE,2PL,b,42,43,360,0.994444693551,0.998432858278,0.55360396445
KMLE,2PL,a,42,44,360,0.992481162579,0.995011129424,0.0493738838563
KMLE,2PL,b,42,44,360,0.995304671415,0.99766150459,0.513697024769
KMLE,2PL,a,42,45,360,0.993168330968,0.994664765577,0.0471738204734
KMLE,2PL,b,42,45,360,0.995628616814,0.997612893104,0.503947738692
KMLE,2PL,a,42,46,360,0.994452283393,0.995175978454,0.0425931167559
KMLE,2PL,b,42,46,360,0.997604663506,0.997205739756,0.366553814863
KMLE,2PL,a,43,44,360,0.992351940755,0.995433012913,0.0497691634903
KMLE,2PL,b,43,44,360,0.988936651717,0.998011815935,0.786747053709
KMLE,2PL,a,43,45,360,0.993956184577,0.995256473129,0.0442717571101
KMLE,2PL,b,43,45,360,0.990947038186,0.997728377534,0.70989817965
KMLE,2PL,a,43,46,360,0.995437813898,0.995957429061,0.0385599027878
KMLE,2PL,b,43,46,360,0.993938997692,0.99774226653,0.576546672807
KMLE,2PL,a,44,45,360,0.99423595642,0.994997616237,0.0433384629343
KMLE,2PL,b,44,45,360,0.994150826451,0.99772529109,0.593741387646
KMLE,2PL,a,44,46,360,0.993226019238,0.995364609286,0.0469778645039
KMLE,2PL,b,44,46,360,0.995668984078,0.997489435361,0.500823672688
KMLE,2PL,a,45,46,360,0.992790346502,0.993868717843,0.04843406452
KMLE,2PL,b,45,46,360,0.995035385689,0.997489435361,0.520110204048
EdNet,Rasch,b,42,43,12267,0.999325513627,0.999361295083,0.0392129793682
EdNet,Rasch,b,42,44,12267,0.999341634276,0.999363043737,0.0388213841501
EdNet,Rasch,b,42,45,12266,0.999303634779,0.999346690275,0.0399685317657
EdNet,Rasch,b,42,46,12266,0.999338472083,0.999346178226,0.0388576777581
EdNet,Rasch,b,43,44,12267,0.999338234474,0.999376989558,0.0388806120721
EdNet,Rasch,b,43,45,12266,0.999358060895,0.999382446689,0.038333927652
EdNet,Rasch,b,43,46,12266,0.999276719818,0.999311503737,0.0406095726106
EdNet,Rasch,b,44,45,12266,0.999324970703,0.999366774516,0.0392177250958
EdNet,Rasch,b,44,46,12266,0.999359171486,0.999377580353,0.0382055665946
EdNet,Rasch,b,45,46,12265,0.999319361164,0.999377190645,0.0393843632323
EdNet,2PL,a,42,43,12267,0.983753215423,0.990716568279,0.0713579995203
EdNet,2PL,b,42,43,12267,0.960001665116,0.996753920233,0.43268654908
EdNet,2PL,a,42,44,12267,0.982760097401,0.990296476938,0.0732361626553
EdNet,2PL,b,42,44,12267,0.971842437172,0.99593220873,0.358563878483
EdNet,2PL,a,42,45,12266,0.986708184758,0.990711654707,0.064178226011
EdNet,2PL,b,42,45,12266,0.961896234481,0.995728724715,0.421213707412
EdNet,2PL,a,42,46,12266,0.9827852327,0.990767677607,0.0730707059976
EdNet,2PL,b,42,46,12266,0.969512538023,0.995711549868,0.367061670219
EdNet,2PL,a,43,44,12267,0.981810745449,0.989941935094,0.0754788421724
EdNet,2PL,b,43,44,12267,0.970602422388,0.995441963667,0.371122568292
EdNet,2PL,a,43,45,12266,0.981611203898,0.989503488863,0.0757377846675
EdNet,2PL,b,43,45,12266,0.986467808385,0.995713138191,0.25305004265
EdNet,2PL,a,43,46,12266,0.977282543299,0.989759558102,0.0842319366261
EdNet,2PL,b,43,46,12266,0.965046576009,0.995607053748,0.396771697531
EdNet,2PL,a,44,45,12266,0.980417062797,0.98981157597,0.0778735237955
EdNet,2PL,b,44,45,12266,0.974514563481,0.995940593835,0.344614457048
EdNet,2PL,a,44,46,12266,0.980618057044,0.990238238521,0.0774002632769
EdNet,2PL,b,44,46,12266,0.97505514361,0.995670613345,0.332037915083
EdNet,2PL,a,45,46,12265,0.982470024098,0.990451578102,0.0735733721172
EdNet,2PL,b,45,46,12265,0.967163550704,0.995819016603,0.383070889962
