dataset,unit,target,baseline,extended,metric,estimate,ci_low,ci_high,global_entity_union_n,bootstraps,bootstrap_fraction_nonpositive_corrected
KMLE,student,Rasch_theta,B1,B1+L,delta_oof_r2_M1_minus_B1,0.003385187124696465,0.00231596529572424,0.004421173691035159,1843,5000,0.0001999600079984003
KMLE,student,Rasch_theta,B1+S,B1+L,delta_oof_r2_M1_minus_B1,-0.0005941599677038445,-0.001660841065795055,0.00048566269970179156,1843,5000,0.8624275144971005
KMLE,student,Rasch_theta,B0,L,delta_oof_r2_M1_minus_B1,-0.03009394489900834,-0.0350281000303637,-0.025964177588500045,1843,5000,1.0
KMLE,student,2PL_theta,B1,B1+L,delta_oof_r2_M1_minus_B1,0.055469872914736394,0.05082140619819461,0.06055921328090519,1843,5000,0.0001999600079984003
KMLE,student,2PL_theta,B1+S,B1+L,delta_oof_r2_M1_minus_B1,0.024920001909448698,0.021233650485516477,0.028725765774442004,1843,5000,0.0001999600079984003
KMLE,student,2PL_theta,B0,L,delta_oof_r2_M1_minus_B1,0.05266626358061954,0.047673444026600696,0.058004091344835106,1843,5000,0.0001999600079984003
KMLE,item,Rasch_b,B1,B1+L,delta_oof_r2_M1_minus_B1,-3.7341999886919553e-06,-5.616481727537258e-06,-2.419709153225758e-06,360,5000,1.0
KMLE,item,Rasch_b,B1+S,B1+L,delta_oof_r2_M1_minus_B1,-2.874324653845406e-07,-2.5381673507535176e-06,1.597625041666606e-06,360,5000,0.5488902219556089
KMLE,item,Rasch_b,B0,L,delta_oof_r2_M1_minus_B1,0.06338341656129146,0.03441705299891832,0.09423838456072285,360,5000,0.0001999600079984003
KMLE,item,2PL_b,B1,B1+L,delta_oof_r2_M1_minus_B1,0.03820198452730426,-0.22207800046874218,0.146609460770701,360,5000,0.3207358528294341
KMLE,item,2PL_b,B1+S,B1+L,delta_oof_r2_M1_minus_B1,0.014016690940250553,-0.19290428999585432,0.18075760176644215,360,5000,0.39212157568486306
KMLE,item,2PL_b,B0,L,delta_oof_r2_M1_minus_B1,0.050981284511236624,-0.020276511496586682,0.09746530674798945,360,5000,0.07718456308738253
KMLE,item,2PL_log_a,B1,B1+L,delta_oof_r2_M1_minus_B1,0.045767236650247754,0.016347676366639516,0.08421007783249522,360,5000,0.0001999600079984003
KMLE,item,2PL_log_a,B1+S,B1+L,delta_oof_r2_M1_minus_B1,0.02665243562198203,0.009142671706604306,0.045695746077451256,360,5000,0.0015996800639872025
KMLE,item,2PL_log_a,B0,L,delta_oof_r2_M1_minus_B1,0.6373854538777767,0.5481573060848781,0.7272207346253092,360,5000,0.0001999600079984003
EdNet,student,Rasch_theta,B1,B1+L,delta_oof_r2_M1_minus_B1,0.2611716605545397,0.24506023486565703,0.28061926828104616,2480,5000,0.0001999600079984003
EdNet,student,Rasch_theta,B1+S,B1+L,delta_oof_r2_M1_minus_B1,0.19897513411053236,0.1846213795866686,0.21586181028117876,2480,5000,0.0001999600079984003
EdNet,student,Rasch_theta,B0,L,delta_oof_r2_M1_minus_B1,0.25293474115453735,0.2367130065029039,0.2722397576849285,2480,5000,0.0001999600079984003
EdNet,student,2PL_theta,B1,B1+L,delta_oof_r2_M1_minus_B1,0.29883571760490557,0.28065661682627985,0.32157902174730696,2480,5000,0.0001999600079984003
EdNet,student,2PL_theta,B1+S,B1+L,delta_oof_r2_M1_minus_B1,0.23324359362582836,0.21749754590030113,0.2535693257701105,2480,5000,0.0001999600079984003
EdNet,student,2PL_theta,B0,L,delta_oof_r2_M1_minus_B1,0.2946035252381648,0.2761892533115925,0.31714468807631946,2480,5000,0.0001999600079984003
EdNet,item,Rasch_b,B1,B1+L,delta_oof_r2_M1_minus_B1,0.032889378602643626,0.031290180771962654,0.034582822203018525,12267,5000,0.0001999600079984003
EdNet,item,Rasch_b,B1+S,B1+L,delta_oof_r2_M1_minus_B1,0.04256884479546439,0.027660351289663133,0.06920185490785426,12267,5000,0.0001999600079984003
EdNet,item,Rasch_b,B0,L,delta_oof_r2_M1_minus_B1,0.0745414828742923,0.07139113836087156,0.0776943648184201,12267,5000,0.0001999600079984003
EdNet,item,2PL_b,B1,B1+L,delta_oof_r2_M1_minus_B1,0.05529066314247542,0.042272708740383746,0.06983696003473869,12267,5000,0.0001999600079984003
EdNet,item,2PL_b,B1+S,B1+L,delta_oof_r2_M1_minus_B1,0.06388187539557866,0.045542888105356026,0.08613202101799008,12267,5000,0.0001999600079984003
EdNet,item,2PL_b,B0,L,delta_oof_r2_M1_minus_B1,0.12954374602683544,0.11480166516759704,0.14538861476817022,12267,5000,0.0001999600079984003
EdNet,item,2PL_log_a,B1,B1+L,delta_oof_r2_M1_minus_B1,0.2196277014471221,0.20656527150567006,0.2329959693778747,12267,5000,0.0001999600079984003
EdNet,item,2PL_log_a,B1+S,B1+L,delta_oof_r2_M1_minus_B1,0.19409097069624226,0.1743416508117898,0.21831167674873309,12267,5000,0.0001999600079984003
EdNet,item,2PL_log_a,B0,L,delta_oof_r2_M1_minus_B1,0.7047889733420624,0.6890890051804064,0.7197026353029946,12267,5000,0.0001999600079984003
