dataset,seed,unit,target,features,n,r2,rmse,pearson,spearman
KMLE,42,student,Rasch_theta,B0,500,0.9819088829507217,0.0720133054932248,0.990913674882558,0.9955886838139822
KMLE,42,student,Rasch_theta,L,500,0.9206967011432748,0.1507737306819952,0.959570061137576,0.955125964503858
KMLE,42,student,Rasch_theta,B1,500,0.9818718949462646,0.0720868849293058,0.99089490373687,0.9954536122869192
KMLE,42,student,Rasch_theta,B1+L,500,0.9842354691990532,0.067223416199223,0.9920869548899356,0.993623078492314
KMLE,42,student,Rasch_theta,S,500,0.9757520961534336,0.083371411606073,0.9878206890853012,0.9896763107052426
KMLE,42,student,Rasch_theta,B1+S,500,0.9871761972520672,0.0606301257290997,0.9935676217433912,0.9953077892311568
KMLE,42,student,Rasch_theta,R2026092201,500,-0.0013848833547709,0.5357726866631491,-0.0619809915844625,-0.0576060864243456
KMLE,42,student,Rasch_theta,B1+R2026092201,500,0.978853651686468,0.0778570142634293,0.9893769753298256,0.9937792711170844
KMLE,42,student,Rasch_theta,R2026092202,500,-0.0070995677159142,0.5372992805078285,-0.0394817388335088,-0.057380869523478
KMLE,42,student,Rasch_theta,B1+R2026092202,500,0.9790806950733764,0.0774379200389735,0.9894862781700104,0.9927660830643324
KMLE,42,student,Rasch_theta,R2026092203,500,-0.0010153165026591,0.5356738125436504,-0.045899074436088,-0.0242770571082284
KMLE,42,student,Rasch_theta,B1+R2026092203,500,0.9791090316601294,0.0773854548652804,0.9895042702750344,0.9930184680738722
KMLE,42,student,2PL_theta,B0,500,0.9345212285502964,0.2484094775874414,0.9667076774086332,0.9775606173175472
KMLE,42,student,2PL_theta,L,500,0.961337914609608,0.1908800491585003,0.9804883132365476,0.9794381577526308
KMLE,42,student,2PL_theta,B1,500,0.933750523946999,0.2498671275867026,0.9663084306845284,0.9770009882763404
KMLE,42,student,2PL_theta,B1+L,500,0.973780014070177,0.1571933348110626,0.9868421521372602,0.9891829647318588
KMLE,42,student,2PL_theta,S,500,0.9597144404436806,0.1948464961551183,0.9796665083727214,0.985446245784983
KMLE,42,student,2PL_theta,B1+S,500,0.9605397148867962,0.1928403938280625,0.980085659261937,0.985626534506138
KMLE,42,student,2PL_theta,R2026092201,500,-0.0007296832990899,0.9711275867338756,-0.0374212347405106,-0.038314137256549
KMLE,42,student,2PL_theta,B1+R2026092201,500,0.9211673637237624,0.272565525936515,0.9597879746149292,0.9687983391933568
KMLE,42,student,2PL_theta,R2026092202,500,-0.0081836379418689,0.9747376082996562,-0.047433281705815,-0.052752211008844
KMLE,42,student,2PL_theta,B1+R2026092202,500,0.9214794121502544,0.272025533980985,0.9599597783209268,0.9665998343993376
KMLE,42,student,2PL_theta,R2026092203,500,-0.0015624165779435,0.9715315530146168,-0.0635491482740917,-0.0435124620498482
KMLE,42,student,2PL_theta,B1+R2026092203,500,0.9211284709555582,0.2726327539345948,0.9597647941512224,0.9683645134580536
KMLE,42,item,Rasch_b,B0,360,0.9009920612620822,0.5349732961099929,0.9492061653120628,0.998932862136282
KMLE,42,item,Rasch_b,L,360,0.9747638581221147,0.2700900435441749,0.9873148842867896,0.9946357610784032
KMLE,42,item,Rasch_b,B1,360,0.9999909879443512,0.0051039807425008,0.9999954947218616,0.9999845677821588
KMLE,42,item,Rasch_b,B1+L,360,0.9999857350212836,0.0064214433966829,0.9999928915453362,0.9999812241349598
KMLE,42,item,Rasch_b,S,360,0.230828502845509,1.491106577357867,0.4886069774342189,0.562839733845683
KMLE,42,item,Rasch_b,B1+S,360,0.9999895442499152,0.0054976196709702,0.9999947913240308,0.9999832817640052
KMLE,42,item,Rasch_b,R2026092201,360,-0.0018262644742459,1.7017403687091133,0.0042602714041004,0.000489715712827
KMLE,42,item,Rasch_b,B1+R2026092201,360,0.9999882810451336,0.00582024860647,0.9999941406832896,0.9999801953204372
KMLE,42,item,Rasch_b,R2026092202,360,0.0163906896486502,1.6861973799759704,0.1284395680659745,0.1183471065877565
KMLE,42,item,Rasch_b,B1+R2026092202,360,0.9999892560776152,0.0055728650415861,0.9999946358437156,0.999984310578528
KMLE,42,item,Rasch_b,R2026092203,360,-0.0023678224569609,1.7022002621064083,-0.0492520643516948,-0.0481621514569299
KMLE,42,item,Rasch_b,B1+R2026092203,360,0.999988244569049,0.0058292995389445,0.9999941272836684,0.9999830245603748
KMLE,42,item,2PL_b,B0,360,0.4192967267336617,4.000915166917342,0.6475972526472442,0.7861439260076594
KMLE,42,item,2PL_b,L,360,0.5953200119382636,3.3399354252295144,0.7744098956825409,0.8924618759918416
KMLE,42,item,2PL_b,B1,360,0.3560316283838952,4.213223275423067,0.597007881929126,0.8250866133226336
KMLE,42,item,2PL_b,B1+L,360,0.7677423974944384,2.5302717999310147,0.8763780675017968,0.8463614688384941
KMLE,42,item,2PL_b,S,360,0.0008831331911047,5.247958007127254,0.1380297547565742,0.3633767750265562
KMLE,42,item,2PL_b,B1+S,360,0.3879669270825936,4.107425088400674,0.6233270365377142,0.7752907044035833
KMLE,42,item,2PL_b,R2026092201,360,-0.0066364627826456,5.267669690607572,-0.1087896412972693,-0.050490101518273
KMLE,42,item,2PL_b,B1+R2026092201,360,0.3038944787340855,4.380460264330291,0.5542089368477864,0.7273564353634415
KMLE,42,item,2PL_b,R2026092202,360,-0.0007762581337897,5.252314255839715,0.052165178689512,0.0894240439098038
KMLE,42,item,2PL_b,B1+R2026092202,360,0.270308000951555,4.484892090438448,0.5296844961914516,0.7362353618983685
KMLE,42,item,2PL_b,R2026092203,360,-0.0180626550065909,5.297481629076964,-0.0794557426815776,-0.0477719735491786
KMLE,42,item,2PL_b,B1+R2026092203,360,0.3164666556204567,4.340722860594,0.564272470670223,0.7443743135878106
KMLE,42,item,2PL_log_a,B0,360,0.2378744082428703,0.6718922960854292,0.4878144910830947,0.5711014433635921
KMLE,42,item,2PL_log_a,L,360,0.8429803244073799,0.3049744289316689,0.9185038119139892,0.9584975518217128
KMLE,42,item,2PL_log_a,B1,360,0.8736645864329593,0.2735576990083587,0.9347515452910096,0.9702868971922292
KMLE,42,item,2PL_log_a,B1+L,360,0.8926278488907061,0.2521925284381668,0.9449541966502512,0.9725548706425609
KMLE,42,item,2PL_log_a,S,360,0.2696185194439441,0.6577506186855704,0.5272223436682775,0.4852125298067118
KMLE,42,item,2PL_log_a,B1+S,360,0.8935512559531393,0.2511057512254862,0.9455154334761492,0.9637577579694192
KMLE,42,item,2PL_log_a,R2026092201,360,-0.0004075197604112,0.7697946042352413,0.0333642035308458,0.0427945878578709
KMLE,42,item,2PL_log_a,B1+R2026092201,360,0.8412354111928867,0.3066642924785763,0.9179887595810384,0.9453818986648708
KMLE,42,item,2PL_log_a,R2026092202,360,-0.0020205213788528,0.770414941356412,-0.0601549869247132,-0.0871951530585632
KMLE,42,item,2PL_log_a,B1+R2026092202,360,0.8436125115366234,0.3043598710372228,0.9193114139719892,0.9534629852333868
KMLE,42,item,2PL_log_a,R2026092203,360,-0.003998578430006,0.7711749923399394,-0.1037236661494812,-0.1035515768995094
KMLE,42,item,2PL_log_a,B1+R2026092203,360,0.8575602739882003,0.2904704474271585,0.926580105034156,0.9456471602221358
KMLE,43,student,Rasch_theta,B0,500,0.981855925502729,0.0687610017701602,0.9908866286554364,0.995147202608952
KMLE,43,student,Rasch_theta,L,500,0.9690756095648668,0.0897687874413763,0.9844178265881468,0.9816787107148428
KMLE,43,student,Rasch_theta,B1,500,0.9818385718874364,0.0687938766018749,0.9908778221572212,0.9951187864836936
KMLE,43,student,Rasch_theta,B1+L,500,0.9866331963990024,0.0590185545170472,0.9932985062007516,0.9939234636938546
KMLE,43,student,Rasch_theta,S,500,0.9774723466858734,0.0766183441738174,0.9886747031450176,0.9886426745706982
KMLE,43,student,Rasch_theta,B1+S,500,0.9862906812740764,0.0597699264966972,0.9931220137547404,0.9944362017448068
KMLE,43,student,Rasch_theta,R2026092201,500,-0.0052608919346883,0.511816377573978,-0.007892034673817,-0.0222012408049632
KMLE,43,student,Rasch_theta,B1+R2026092201,500,0.9787868351359702,0.0743494086538077,0.9893390034385612,0.992939267757071
KMLE,43,student,Rasch_theta,R2026092202,500,-0.0029248040832661,0.5112213362916482,-0.07214123067243,-0.0740431761727046
KMLE,43,student,Rasch_theta,B1+R2026092202,500,0.9775026241905876,0.0765668387587959,0.9886948302685918,0.9924609938439752
KMLE,43,student,Rasch_theta,R2026092203,500,-0.0043475138631432,0.5115838070561016,-0.1024752911665018,-0.1056654146616586
KMLE,43,student,Rasch_theta,B1+R2026092203,500,0.9781535250466444,0.0754510817453213,0.9890207782279368,0.9924006096024384
KMLE,43,student,2PL_theta,B0,500,0.9159358729765726,0.269927712946919,0.9570508086914484,0.974896057341902
KMLE,43,student,2PL_theta,L,500,0.9832337396241314,0.1205480597001926,0.9915815001896616,0.997190740762963
KMLE,43,student,2PL_theta,B1,500,0.9158582197527376,0.2700523554045731,0.9570101780563152,0.974659896300904
KMLE,43,student,2PL_theta,B1+L,500,0.9838102187841472,0.1184575132239009,0.9918841208450616,0.9965398581594328
KMLE,43,student,2PL_theta,S,500,0.955674659741462,0.196005455935384,0.9775982140176024,0.9850008040032158
KMLE,43,student,2PL_theta,B1+S,500,0.9550359762156072,0.1974125260870917,0.9773132141478836,0.9857164868659474
KMLE,43,student,2PL_theta,R2026092201,500,-0.006074351846584,0.933807075134782,-0.0261550666512548,-0.0201565286261145
KMLE,43,student,2PL_theta,B1+R2026092201,500,0.905954730574347,0.2855029492164241,0.9518181851500545,0.9660285361141444
KMLE,43,student,2PL_theta,R2026092202,500,-0.0042278692073398,0.9329497575697436,-0.0867351331046921,-0.0824843939375757
KMLE,43,student,2PL_theta,B1+R2026092202,500,0.8951071479596706,0.3015192667914468,0.9461597241099676,0.9624769059076236
KMLE,43,student,2PL_theta,R2026092203,500,-0.0054040625893914,0.93349595243392,-0.1062445307002355,-0.1089760839043356
KMLE,43,student,2PL_theta,B1+R2026092203,500,0.9030548473964116,0.2898712682419146,0.9503400506071444,0.9635164940659764
KMLE,43,item,Rasch_b,B0,360,0.9036046752914396,0.5268381672568552,0.9505828383580784,0.9994632160227572
KMLE,43,item,Rasch_b,L,360,0.9762547180295384,0.2614796593664035,0.9880673022728744,0.994537509291481
KMLE,43,item,Rasch_b,B1,360,0.9999912090348724,0.0050311529880712,0.9999956050588305,0.9999863682075736
KMLE,43,item,Rasch_b,B1+L,360,0.9999889990710668,0.005628127462703,0.9999945015782616,0.9999812241349598
KMLE,43,item,Rasch_b,S,360,0.2539399458283882,1.465669797845217,0.5098905541386185,0.6376468954235758
KMLE,43,item,Rasch_b,B1+S,360,0.9999884334167738,0.00577100949082,0.999994288613664,0.999982767356744
KMLE,43,item,Rasch_b,R2026092201,360,-0.0018239574042819,1.6984194377953847,0.0040136165071077,0.0013683233152519
KMLE,43,item,Rasch_b,B1+R2026092201,360,0.999989191507086,0.0055786846963519,0.999994599752518,0.9999807097276984
KMLE,43,item,Rasch_b,R2026092202,360,0.0162892364437182,1.682995507385103,0.1280086660022278,0.1190456716487009
KMLE,43,item,Rasch_b,B1+R2026092202,360,0.9999887824462932,0.0056832704553181,0.9999943958269208,0.9999783948950224
KMLE,43,item,Rasch_b,R2026092203,360,-0.0023074969939478,1.6988292672666852,-0.0480231274297466,-0.0473293261007672
KMLE,43,item,Rasch_b,B1+R2026092203,360,0.999989233918682,0.0055677287990237,0.9999946189769886,0.9999796809131756
KMLE,43,item,2PL_b,B0,360,0.4282393045181757,3.9614670428583394,0.6544119925097919,0.7843597044215874
KMLE,43,item,2PL_b,L,360,0.4251661760213728,3.972098923188935,0.652299500859626,0.8481307726139863
KMLE,43,item,2PL_b,B1,360,0.3726039437549696,4.149729524557751,0.6104844476186595,0.8374575935513905
KMLE,43,item,2PL_b,B1+L,360,0.1616406227906317,4.796936966291882,0.5051754869015845,0.7870567416929656
KMLE,43,item,2PL_b,S,360,0.005759281236187,5.223897793293514,0.1196453326557893,0.3736006193463427
KMLE,43,item,2PL_b,B1+S,360,0.389833601763227,4.092352566653656,0.6246222696131102,0.7599281887463122
KMLE,43,item,2PL_b,R2026092201,360,-0.0067108529792418,5.256555737903228,-0.1094214143437219,-0.0540837506462241
KMLE,43,item,2PL_b,B1+R2026092201,360,0.2888241548993489,4.4181188785041385,0.5450652582262988,0.7329331244839852
KMLE,43,item,2PL_b,R2026092202,360,0.0005738550833028,5.237502601583206,0.0638671128728899,0.0977011139489244
KMLE,43,item,2PL_b,B1+R2026092202,360,0.2927716248771467,4.405840156991559,0.5482351926432436,0.7408068992301895
KMLE,43,item,2PL_b,R2026092203,360,-0.0180741737866596,5.286139364895381,-0.0784625223500109,-0.0552388521516369
KMLE,43,item,2PL_b,B1+R2026092203,360,0.3304660472710814,4.286819535962245,0.5758128479273722,0.7531858527714976
KMLE,43,item,2PL_log_a,B0,360,0.2383932003197105,0.6726735680059175,0.4884220627730966,0.5715788003070703
KMLE,43,item,2PL_log_a,L,360,0.8658770053123107,0.2822868043911395,0.9307328941288834,0.9660873686546892
KMLE,43,item,2PL_log_a,B1,360,0.8807517465510624,0.2661735947686907,0.938543297814832,0.9708502230307212
KMLE,43,item,2PL_log_a,B1+L,360,0.9077646741274512,0.234092553898649,0.9529223639340588,0.9792228440437166
KMLE,43,item,2PL_log_a,S,360,0.2652083082862897,0.6607255102774315,0.5219845330229784,0.4914942583936507
KMLE,43,item,2PL_log_a,B1+S,360,0.9040153270565368,0.238803067523413,0.9510033644048764,0.9672463736222268
KMLE,43,item,2PL_log_a,R2026092201,360,-0.000553725863875,0.7710084951599964,0.0322469890767762,0.0321745438946116
KMLE,43,item,2PL_log_a,B1+R2026092201,360,0.8529261546848589,0.2956015317615665,0.9243058206195038,0.9480459963231588
KMLE,43,item,2PL_log_a,R2026092202,360,-0.0017688634567671,0.7714765345580065,-0.0562572590625859,-0.0858998911445452
KMLE,43,item,2PL_log_a,B1+R2026092202,360,0.8506138234086109,0.2979162292830148,0.9231333273074968,0.956148225722196
KMLE,43,item,2PL_log_a,R2026092203,360,-0.0038568990807974,0.7722801290874982,-0.1054057537293088,-0.1132071287171048
KMLE,43,item,2PL_log_a,B1+R2026092203,360,0.8636037385737957,0.2846690092031961,0.929974090361669,0.9492803816359768
KMLE,44,student,Rasch_theta,B0,500,0.9840270401901966,0.064766855944218,0.991981516612341,0.9954705318167932
KMLE,44,student,Rasch_theta,L,500,0.9674825909516852,0.0924098111511932,0.9836209800298163,0.9819281197124788
KMLE,44,student,Rasch_theta,B1,500,0.9838385488998594,0.0651478806195495,0.9918863594327604,0.9954025635139264
KMLE,44,student,Rasch_theta,B1+L,500,0.9883172465975936,0.0553901728639571,0.9941494436664576,0.9947390829563318
KMLE,44,student,Rasch_theta,S,500,0.9767818095790304,0.07808620201448,0.9883253994417536,0.9888935235740942
KMLE,44,student,Rasch_theta,B1+S,500,0.9881371814261652,0.0558154023672741,0.9940510408540856,0.9953322693290771
KMLE,44,student,Rasch_theta,R2026092201,500,-0.0013075279748988,0.5127950877407509,-0.0494367065034049,-0.0609751239004956
KMLE,44,student,Rasch_theta,B1+R2026092201,500,0.9807798428404472,0.0710458284556533,0.9903449527733986,0.993643334573338
KMLE,44,student,Rasch_theta,R2026092202,500,-0.000701123966275,0.5126397867553788,0.037241621530644,0.0888823395293581
KMLE,44,student,Rasch_theta,B1+R2026092202,500,0.9814341740554522,0.0698260142843145,0.9906760834734586,0.9940976083904336
KMLE,44,student,Rasch_theta,R2026092203,500,-0.0065085304216097,0.5141251457369049,0.0093417729632482,0.0163508814035256
KMLE,44,student,Rasch_theta,B1+R2026092203,500,0.9805636493822576,0.0714442823314363,0.9902349129248031,0.993515078060312
KMLE,44,student,2PL_theta,B0,500,0.9294085779510196,0.2475856673715026,0.9640586073906464,0.976727696298716
KMLE,44,student,2PL_theta,L,500,0.9899434019870932,0.0934490907086725,0.9949607499719778,0.9971245964983858
KMLE,44,student,2PL_theta,B1,500,0.9289832258062748,0.2483304670115114,0.9638388741682612,0.9767376803432052
KMLE,44,student,2PL_theta,B1+L,500,0.989446267218588,0.0957309968896308,0.9947192386374478,0.9970247560990244
KMLE,44,student,2PL_theta,S,500,0.9574022302259112,0.1923281993458433,0.9784723190426752,0.9850548522194088
KMLE,44,student,2PL_theta,B1+S,500,0.9581516977746496,0.1906287746724807,0.97885301065361,0.9853969975879904
KMLE,44,student,2PL_theta,R2026092201,500,-0.0019307575764315,0.9327567252781824,-0.059637047577536,-0.0610900363601454
KMLE,44,student,2PL_theta,B1+R2026092201,500,0.917204255197631,0.2681350225472693,0.9577974604962194,0.9691031404125616
KMLE,44,student,2PL_theta,R2026092202,500,-0.0036367964732757,0.93355051387758,0.0181241771153386,0.0712576290305161
KMLE,44,student,2PL_theta,B1+R2026092202,500,0.9173646867796762,0.2678751167717471,0.9578920867250256,0.9697083268333074
KMLE,44,student,2PL_theta,R2026092203,500,-0.0082793700448069,0.935707208623998,-0.0005297288030035,0.0157645110580442
KMLE,44,student,2PL_theta,B1+R2026092203,500,0.9137302239784542,0.2737025665207467,0.955898055361772,0.9681484165936663
KMLE,44,item,Rasch_b,B0,360,0.9013929041013122,0.5343963765527392,0.94941800546041,0.9994660452626948
KMLE,44,item,Rasch_b,L,360,0.9599442836752964,0.3405976693901039,0.9798570003763372,0.993175101659735
KMLE,44,item,Rasch_b,B1,360,0.9999892987312836,0.0055670747840946,0.9999946497956164,0.9999848249857892
KMLE,44,item,Rasch_b,B1+L,360,0.9999845662835664,0.0066856660363241,0.9999923076551552,0.9999804525240678
KMLE,44,item,Rasch_b,S,360,0.2053316675577566,1.5170586597831792,0.4668554481803113,0.558629824818607
KMLE,44,item,Rasch_b,B1+S,360,0.9999865473454568,0.0062418512603836,0.9999933458920122,0.9999796809131756
KMLE,44,item,Rasch_b,R2026092201,360,-0.0016861384721682,1.7032376653357308,0.0055174732521944,0.0005522161950838
KMLE,44,item,Rasch_b,B1+R2026092201,360,0.9999880808363598,0.0058753306360195,0.999994043493556,0.9999809669313292
KMLE,44,item,Rasch_b,R2026092202,360,0.0170036832588051,1.6872730344875382,0.1310159363398204,0.1205209916743184
KMLE,44,item,Rasch_b,B1+R2026092202,360,0.9999860977423468,0.0063452989351811,0.9999930519824826,0.9999804525240678
KMLE,44,item,Rasch_b,R2026092203,360,-0.0021321637521327,1.7036168272702232,-0.0446318244165621,-0.0403704246689146
KMLE,44,item,Rasch_b,B1+R2026092203,360,0.9999863098909352,0.0062966981482208,0.999993156013562,0.999982767356744
KMLE,44,item,2PL_b,B0,360,0.4184280884665217,4.0423508256212335,0.6469223939477728,0.7861446976185514
KMLE,44,item,2PL_b,L,360,0.3535252420554684,4.261947314720349,0.5947780060381198,0.8496603626056785
KMLE,44,item,2PL_b,B1,360,0.3567281425758358,4.251376489816208,0.5975666104850663,0.8287589667615748
KMLE,44,item,2PL_b,B1+L,360,0.412524867921063,4.062814880506653,0.6423683905245675,0.8487161680774286
KMLE,44,item,2PL_b,S,360,0.012276145875362,5.268052105251183,0.1294338884280021,0.3383925287489358
KMLE,44,item,2PL_b,B1+S,360,0.3868500174949446,4.150645578233902,0.6224707146753042,0.7684755798012844
KMLE,44,item,2PL_b,R2026092201,360,-0.0073314013273924,5.320083844308577,-0.1143180695493361,-0.0523779761675115
KMLE,44,item,2PL_b,B1+R2026092201,360,0.3037073754886532,4.423114562431629,0.5543427948891961,0.7297682338083884
KMLE,44,item,2PL_b,R2026092202,360,0.0051288617280472,5.287077866569065,0.0833755466764262,0.1094712664963978
KMLE,44,item,2PL_b,B1+R2026092202,360,0.2797617740945346,4.4985274443115975,0.5380523563272092,0.7362958047515799
KMLE,44,item,2PL_b,R2026092203,360,-0.0188079718869487,5.350303986791606,-0.0823793503578889,-0.0483928631136557
KMLE,44,item,2PL_b,B1+R2026092203,360,0.3119702259925646,4.396791858480821,0.5606767869670316,0.7510497766186466
KMLE,44,item,2PL_log_a,B0,360,0.2321538653130785,0.6773717690320072,0.4819301316129942,0.5671830669117349
KMLE,44,item,2PL_log_a,L,360,0.8783386077816143,0.2696288642105566,0.9372328880329448,0.9581563420895792
KMLE,44,item,2PL_log_a,B1,360,0.8765874175487578,0.2715624457653604,0.93632718819525,0.9718157465874596
KMLE,44,item,2PL_log_a,B1+L,360,0.9332210724322744,0.1997605437195679,0.9660562640716668,0.9800341613931496
KMLE,44,item,2PL_log_a,S,360,0.2309469836519685,0.6779038981569191,0.4933229210027994,0.4583586414529494
KMLE,44,item,2PL_log_a,B1+S,360,0.9066964957928192,0.2361233677273599,0.952355766749416,0.9702178394209938
KMLE,44,item,2PL_log_a,R2026092201,360,-0.0015197574712941,0.7736058619658854,0.0112990533971811,0.0094443775584479
KMLE,44,item,2PL_log_a,B1+R2026092201,360,0.8451156339309931,0.3042242174061665,0.9201128071572644,0.9470719868619734
KMLE,44,item,2PL_log_a,R2026092202,360,-0.0023438990153532,0.7739240931430628,-0.0647035175194707,-0.0894481928657432
KMLE,44,item,2PL_log_a,B1+R2026092202,360,0.8439828524088595,0.3053346966670283,0.919828496007731,0.9553098287193652
KMLE,44,item,2PL_log_a,R2026092203,360,-0.0168333359616972,0.7794977737409324,-0.1181776150857846,-0.0862563668679291
KMLE,44,item,2PL_log_a,B1+R2026092203,360,0.858113421028972,0.2911794022034883,0.92693862639493,0.94611877476887
KMLE,45,student,Rasch_theta,B0,500,0.9828931128043936,0.0667609165965646,0.9914098323484156,0.9946809768091236
KMLE,45,student,Rasch_theta,L,500,0.9571433958161952,0.1056685317268383,0.9784000181103836,0.9756210864843458
KMLE,45,student,Rasch_theta,B1,500,0.9828238346280432,0.0668959616631777,0.991374798404915,0.9946459366563484
KMLE,45,student,Rasch_theta,B1+L,500,0.987419742245581,0.0572508006431012,0.9936957900349656,0.9939860559442236
KMLE,45,student,Rasch_theta,S,500,0.9728215547874072,0.0841490271013206,0.986320619474822,0.9867800751203004
KMLE,45,student,Rasch_theta,B1+S,500,0.9855288153837288,0.0614028934969165,0.992740959316517,0.9937775431101724
KMLE,45,student,Rasch_theta,R2026092201,500,-0.0017958988262738,0.5108888443366597,-0.0654938366122214,-0.0982871131484525
KMLE,45,student,Rasch_theta,B1+R2026092201,500,0.980176260721872,0.0718670111492213,0.9900437132727808,0.9926038424153696
KMLE,45,student,Rasch_theta,R2026092202,500,-0.0014744043027545,0.5108068609978237,0.0378853168188784,0.0468264913059652
KMLE,45,student,Rasch_theta,B1+R2026092202,500,0.9795809461951714,0.0729381261468434,0.989741941117122,0.9923420493681976
KMLE,45,student,Rasch_theta,R2026092203,500,-0.0078361463776273,0.5124267112445656,0.022246889705348,0.0157422389689558
KMLE,45,student,Rasch_theta,B1+R2026092203,500,0.9783754433637556,0.0750603181528694,0.9891291884670927,0.9921042564170256
KMLE,45,student,2PL_theta,B0,500,0.9344099456194056,0.2431195965198661,0.9666495745365854,0.9755291813072936
KMLE,45,student,2PL_theta,L,500,0.9914122629476808,0.0879711643174494,0.9956973547980364,0.9956768147072588
KMLE,45,student,2PL_theta,B1,500,0.9344748887606198,0.2429992058548482,0.9666831974398048,0.9754187808259476
KMLE,45,student,2PL_theta,B1+L,500,0.9915599594626814,0.0872113957524293,0.995773828948778,0.996126768507074
KMLE,45,student,2PL_theta,S,500,0.9604795553494744,0.1887173728019809,0.9800498783749504,0.9867034668138672
KMLE,45,student,2PL_theta,B1+S,500,0.962305281143032,0.1843067432498665,0.98099852941867,0.9876879507518028
KMLE,45,student,2PL_theta,R2026092201,500,-0.0013364311755728,0.9499286350537054,-0.0634465565229544,-0.089568262273049
KMLE,45,student,2PL_theta,B1+R2026092201,500,0.9227938142754002,0.2637709839712538,0.9606238506862096,0.9674899499598
KMLE,45,student,2PL_theta,R2026092202,500,-0.0023023816221809,0.9503867042789714,0.022764634138416,0.0383318013272053
KMLE,45,student,2PL_theta,B1+R2026092202,500,0.9185974092182468,0.2708445396790856,0.958436575189465,0.968124224496898
KMLE,45,student,2PL_theta,R2026092203,500,-0.0163009360649142,0.9570004315660766,-0.0190129458118914,-0.0185754983019932
KMLE,45,student,2PL_theta,B1+R2026092203,500,0.9176260454690086,0.272455719157113,0.9579320068402468,0.9663222012888052
KMLE,45,item,Rasch_b,B0,360,0.9019604277287554,0.5335101304095496,0.949717631470549,0.9986478805134812
KMLE,45,item,Rasch_b,L,360,0.9580933180417562,0.3488057249932218,0.978883127737662,0.9907514718477765
KMLE,45,item,Rasch_b,B1,360,0.999988577981558,0.0057585533529063,0.9999942893486984,0.9999819957458518
KMLE,45,item,Rasch_b,B1+L,360,0.9999860738570684,0.0063585397490751,0.999993041888892,0.9999796809131756
KMLE,45,item,Rasch_b,S,360,0.2327571824104817,1.492479526117,0.49203486687873,0.5746268618327816
KMLE,45,item,Rasch_b,B1+S,360,0.9999848564999634,0.0066306346356219,0.9999924549688676,0.999968878360687
KMLE,45,item,Rasch_b,R2026092201,360,-0.0018446017401034,1.7054623943572984,0.0040374978548924,-0.0014892090216745
KMLE,45,item,Rasch_b,B1+R2026092201,360,0.9999856211063146,0.0064610738153493,0.999992810888404,0.999975308451454
KMLE,45,item,Rasch_b,R2026092202,360,0.0161063322186996,1.6901141943019211,0.127246007482418,0.1192925871341599
KMLE,45,item,Rasch_b,B1+R2026092202,360,0.9999862760863872,0.0063122029552967,0.9999931428967412,0.9999812241349598
KMLE,45,item,Rasch_b,R2026092203,360,-0.0022293902360546,1.7057898799315054,-0.046131252124957,-0.0414738282445594
KMLE,45,item,Rasch_b,B1+R2026092203,360,0.999986042424868,0.0063657115211698,0.999993025649054,0.9999750512478232
KMLE,45,item,2PL_b,B0,360,0.4095069820746354,3.93100625699074,0.6401123308332645,0.7837920560086626
KMLE,45,item,2PL_b,L,360,0.5352449418489791,3.4874534082980624,0.7332461848619186,0.8675938857552913
KMLE,45,item,2PL_b,B1,360,0.3452395912213467,4.139401543419751,0.5876696179860731,0.8331782395440294
KMLE,45,item,2PL_b,B1+L,360,0.5405429042941563,3.4675188702730586,0.7373710908753791,0.8050900598512848
KMLE,45,item,2PL_b,S,360,0.0094953916337936,5.091252096209167,0.1488846952656058,0.3981504486917336
KMLE,45,item,2PL_b,B1+S,360,0.3620842298564088,4.085808626135675,0.6022417362436617,0.7721103815101454
KMLE,45,item,2PL_b,R2026092201,360,-0.007999799143801,5.136018441654942,-0.1194193274366645,-0.0568337718655236
KMLE,45,item,2PL_b,B1+R2026092201,360,0.2463888282343067,4.440889997315497,0.5118486955553806,0.7325390885217735
KMLE,45,item,2PL_b,R2026092202,360,-0.0004089570517282,5.116643248828232,0.0605866362387144,0.1017271223800595
KMLE,45,item,2PL_b,B1+R2026092202,360,0.2634462090832958,4.390344364342938,0.5244281959249641,0.7440011111196845
KMLE,45,item,2PL_b,R2026092203,360,-0.0201131835493084,5.166786686098051,-0.0886015401079435,-0.0487771253379012
KMLE,45,item,2PL_b,B1+R2026092203,360,0.281556322852153,4.336034361634963,0.5382580473148529,0.747962818643148
KMLE,45,item,2PL_log_a,B0,360,0.2249306158963878,0.6783773124224761,0.4743366172914381,0.5653210055293773
KMLE,45,item,2PL_log_a,L,360,0.8631177741015508,0.285085122211013,0.9291776164140946,0.9551525804288864
KMLE,45,item,2PL_log_a,B1,360,0.868067635795742,0.2798831134289634,0.9317727829645028,0.9671956095001434
KMLE,45,item,2PL_log_a,B1+L,360,0.9347087670838758,0.1968921759882494,0.9668372797802176,0.9785154084671592
KMLE,45,item,2PL_log_a,S,360,0.1956605475573355,0.6910678823852738,0.4608414007944127,0.4425566189414363
KMLE,45,item,2PL_log_a,B1+S,360,0.8793879841208216,0.2676062868067886,0.9382474862354856,0.963441811129146
KMLE,45,item,2PL_log_a,R2026092201,360,-0.0026925643950195,0.7715870341135016,-6.590957983118848e-05,-0.006123656958746
KMLE,45,item,2PL_log_a,B1+R2026092201,360,0.8356307523224499,0.3124002031130897,0.9150448066860488,0.9431188136428492
KMLE,45,item,2PL_log_a,R2026092202,360,-0.0025348747111093,0.7715263594341868,-0.0673300193322717,-0.0918612865237041
KMLE,45,item,2PL_log_a,B1+R2026092202,360,0.8367076240985757,0.3113751701832337,0.9156855697587918,0.949865101996922
KMLE,45,item,2PL_log_a,R2026092203,360,-0.004674186324393,0.7723491017448036,-0.1118619455008188,-0.1103400601084718
KMLE,45,item,2PL_log_a,B1+R2026092203,360,0.8453055189846517,0.3030668491111468,0.9202965299315216,0.942036669986344
KMLE,46,student,Rasch_theta,B0,500,0.9846386681052712,0.0643924485682675,0.992289713093906,0.9949693135833648
KMLE,46,student,Rasch_theta,L,500,0.9504556075822486,0.1156425759096228,0.9749173564214566,0.9722274729098916
KMLE,46,student,Rasch_theta,B1,500,0.9846159694854048,0.0644400056480028,0.9922783094087728,0.9949369858038192
KMLE,46,student,Rasch_theta,B1+L,500,0.9853091010292612,0.0629715944052848,0.9926323573025022,0.993625286501146
KMLE,46,student,Rasch_theta,S,500,0.9772216473743272,0.0784118425908899,0.9885510541155216,0.9893690134760538
KMLE,46,student,Rasch_theta,B1+S,500,0.9877526799729728,0.0574964507566115,0.9938589133655216,0.9945982503930014
KMLE,46,student,Rasch_theta,R2026092201,500,-0.0012575941873171,0.5198683942591242,-0.0272113245952068,0.0396209904839619
KMLE,46,student,Rasch_theta,B1+R2026092201,500,0.9842957206579848,0.0651072735879265,0.9921178318218316,0.9934306937227748
KMLE,46,student,Rasch_theta,R2026092202,500,-0.0031627249439158,0.5203627458598522,0.0029022009966485,0.0067205068820275
KMLE,46,student,Rasch_theta,B1+R2026092202,500,0.9820476759196606,0.0696114761485946,0.9909847488489372,0.99287014748059
KMLE,46,student,Rasch_theta,R2026092203,500,-0.0027580607911821,0.5202577811396213,-0.0780714461596068,-0.0702088248352993
KMLE,46,student,Rasch_theta,B1+R2026092203,500,0.9820508277220594,0.0696053652058776,0.9909856704707783,0.9933512054048216
KMLE,46,student,2PL_theta,B0,500,0.9314847224920804,0.2431543084114205,0.9651346189376856,0.9774055073190424
KMLE,46,student,2PL_theta,L,500,0.9831643463239588,0.1205322462799216,0.99155048218711,0.9952456769827078
KMLE,46,student,2PL_theta,B1,500,0.931230711843214,0.2436046214412741,0.9650030648077104,0.9774929893293374
KMLE,46,student,2PL_theta,B1+L,500,0.983050475147934,0.1209391808392566,0.991511942504576,0.9959733598934396
KMLE,46,student,2PL_theta,S,500,0.9607980468848856,0.1839255701919842,0.980204551089084,0.986573194292777
KMLE,46,student,2PL_theta,B1+S,500,0.9610142551161984,0.1834176719769491,0.9803139397395302,0.9865314341257364
KMLE,46,student,2PL_theta,R2026092201,500,-0.0011980123613073,0.9294975470291104,-0.0217050588830319,0.0286715706862827
KMLE,46,student,2PL_theta,B1+R2026092201,500,0.9227921199933176,0.258118464227314,0.9606520677271309,0.9687724190896764
KMLE,46,student,2PL_theta,R2026092202,500,-0.0039158997118045,0.9307583153497938,-0.0035910186472007,0.012192048768195
KMLE,46,student,2PL_theta,B1+R2026092202,500,0.9167141741842044,0.2680857974984735,0.9575429242676292,0.9698219912879652
KMLE,46,student,2PL_theta,R2026092203,500,-0.0021641179055476,0.9299458980033926,-0.0698539771854269,-0.0658610634442537
KMLE,46,student,2PL_theta,B1+R2026092203,500,0.9181095713000154,0.2658305139639145,0.9581951577943016,0.9678617594470376
KMLE,46,item,Rasch_b,B0,360,0.8999768525968598,0.5392919670131672,0.9486733595602788,0.9993754452436282
KMLE,46,item,Rasch_b,L,360,0.9557878259182008,0.3585457911904993,0.977803184628042,0.992100247687096
KMLE,46,item,Rasch_b,B1,360,0.9999805097467168,0.0075280489556489,0.9999902558486108,0.9999897118547724
KMLE,46,item,Rasch_b,B1+L,360,0.999976538205853,0.0082595103778961,0.9999882710203948,0.9999801953204372
KMLE,46,item,Rasch_b,S,360,0.2033313488885363,1.521992657247929,0.4644474500105828,0.5266730453167077
KMLE,46,item,Rasch_b,B1+S,360,0.9999739680890558,0.0087001495541361,0.9999871458188208,0.999976080062346
KMLE,46,item,Rasch_b,R2026092201,360,-0.0017364982868266,1.706673487696846,0.0050664842664319,0.0041245174216879
KMLE,46,item,Rasch_b,B1+R2026092201,360,0.999977162882524,0.0081488127091562,0.999988584871118,0.999984310578528
KMLE,46,item,Rasch_b,R2026092202,360,0.0165849171936851,1.6909942297099487,0.1292838617350261,0.1202066888376196
KMLE,46,item,Rasch_b,B1+R2026092202,360,0.9999759264613944,0.008366496996548,0.9999879763519904,0.999983538967636
KMLE,46,item,Rasch_b,R2026092203,360,-0.0021538213035192,1.7070289504188034,-0.0452786345760959,-0.040977939644596
KMLE,46,item,Rasch_b,B1+R2026092203,360,0.9999756064390544,0.0084219235460597,0.9999878071820066,0.9999822529494826
KMLE,46,item,2PL_b,B0,360,0.4319383105993181,3.910766536121933,0.6572724194591479,0.7845485423336965
KMLE,46,item,2PL_b,L,360,0.4530594630844118,3.8373745959391914,0.676883879137483,0.8722117197406359
KMLE,46,item,2PL_b,B1,360,0.3750801451706151,4.101817195717494,0.6125127489504558,0.8396613142591121
KMLE,46,item,2PL_b,B1+L,360,0.1142425812428944,4.883391456404881,0.5920409784972879,0.8640501341316934
KMLE,46,item,2PL_b,S,360,0.013849067069647,5.152711591879009,0.1333638677370118,0.3317103784237018
KMLE,46,item,2PL_b,B1+S,360,0.3998751428447569,4.019619529617886,0.632802300113277,0.7740126595627024
KMLE,46,item,2PL_b,R2026092201,360,-0.0072261612597948,5.207480334075878,-0.1135093241807909,-0.0588811127657877
KMLE,46,item,2PL_b,B1+R2026092201,360,0.2710255892427815,4.43016887518839,0.532842124735625,0.7256473172375301
KMLE,46,item,2PL_b,R2026092202,360,0.0005054239903972,5.187455218681151,0.0639058660324553,0.1040074897697255
KMLE,46,item,2PL_b,B1+R2026092202,360,0.2961235971074116,4.353237310833404,0.5508646489313568,0.7464496896838195
KMLE,46,item,2PL_b,R2026092203,360,-0.0192224556321003,5.238399684444653,-0.0837861338346787,-0.0609683202288083
KMLE,46,item,2PL_b,B1+R2026092203,360,0.326424082022817,4.25850749198533,0.5727365803062042,0.7487295426662242
KMLE,46,item,2PL_log_a,B0,360,0.2370524360695756,0.6726969366133732,0.487076115531347,0.561814281096942
KMLE,46,item,2PL_log_a,L,360,0.9070180836276504,0.2348396103045474,0.952388439114116,0.9820801786374014
KMLE,46,item,2PL_log_a,B1,360,0.8802888317326942,0.2664645498743659,0.938289087481923,0.9714142044603528
KMLE,46,item,2PL_log_a,B1+L,360,0.9398740387781468,0.1888439695468638,0.9694772373042856,0.9880380939956036
KMLE,46,item,2PL_log_a,S,360,0.2238170959132264,0.6785067008783268,0.4860419891417928,0.4680918562292454
KMLE,46,item,2PL_log_a,B1+S,360,0.8912831602792275,0.2539338015291632,0.9443869273484422,0.9702578684751456
KMLE,46,item,2PL_log_a,R2026092201,360,-0.0009472761269353,0.7705089818254294,0.0297543763141019,0.02989686171833
KMLE,46,item,2PL_log_a,B1+R2026092201,360,0.849771498810374,0.298502705545164,0.9226012984592808,0.9488480935250928
KMLE,46,item,2PL_log_a,R2026092202,360,-0.0025151463969776,0.7711122031203341,-0.0670857531296827,-0.0978065484037074
KMLE,46,item,2PL_log_a,B1+R2026092202,360,0.8508054278589574,0.2974737280902853,0.9233119670303142,0.9556137331742192
KMLE,46,item,2PL_log_a,R2026092203,360,-0.0046125584648661,0.7719184228570569,-0.1098928754589763,-0.1109911455927009
KMLE,46,item,2PL_log_a,B1+R2026092203,360,0.8644116911101888,0.2835849811944485,0.9302276486142548,0.9501373135989328
EdNet,42,student,Rasch_theta,B0,500,0.7490621944082975,0.3548360639194621,0.8654845712625677,0.8406466683418979
EdNet,42,student,Rasch_theta,L,500,0.9733599511277216,0.1156144756377048,0.9868922111787896,0.9861630806523224
EdNet,42,student,Rasch_theta,B1,500,0.7474087008514655,0.3560031973542812,0.8645294271533925,0.839546074631618
EdNet,42,student,Rasch_theta,B1+L,500,0.9806772060526772,0.0984644969707699,0.9905563454798594,0.9905406981627928
EdNet,42,student,Rasch_theta,S,500,0.4700774510930117,0.5156451117504824,0.6907657552158779,0.7696173184692738
EdNet,42,student,Rasch_theta,B1+S,500,0.7954850032691482,0.3203371334666345,0.8920660568581402,0.8817354949419797
EdNet,42,student,Rasch_theta,R2026092201,500,-0.0022926367008029,0.7091563158105398,-0.07381788520541,-0.0664646178584714
EdNet,42,student,Rasch_theta,B1+R2026092201,500,0.709918478651618,0.3815089558684879,0.8429150019169503,0.8201039204156817
EdNet,42,student,Rasch_theta,R2026092202,500,-0.0030211759040914,0.709414002192814,0.0340560131142312,0.0352282049128196
EdNet,42,student,Rasch_theta,B1+R2026092202,500,0.6951412162290463,0.3911056244448765,0.83432840952096,0.7998189432757731
EdNet,42,student,Rasch_theta,R2026092203,500,-0.0012777610722163,0.7087971952738285,-0.0367484503812456,-0.0379748718994875
EdNet,42,student,Rasch_theta,B1+R2026092203,500,0.7266397919862283,0.3703500036999247,0.8525666739802807,0.8148832275329101
EdNet,42,student,2PL_theta,B0,500,0.7059419267137612,0.4306416514574686,0.8402050953413316,0.8129631269636817
EdNet,42,student,2PL_theta,L,500,0.980559006911903,0.1107283176554501,0.9903501127538024,0.9925449941799768
EdNet,42,student,2PL_theta,B1,500,0.7043826793922839,0.4317818838225137,0.8392780614981966,0.8113961200050027
EdNet,42,student,2PL_theta,B1+L,500,0.9830015675698612,0.1035389878559392,0.9914817360597058,0.9936545666182665
EdNet,42,student,2PL_theta,S,500,0.4787111718621214,0.5733749131887775,0.6963626350099142,0.755313933255733
EdNet,42,student,2PL_theta,B1+S,500,0.7658972192181566,0.3842401691762279,0.8754048860482934,0.861124020496082
EdNet,42,student,2PL_theta,R2026092201,500,-0.002505630689795,0.7951386953791242,-0.0802167187713031,-0.0613497173988695
EdNet,42,student,2PL_theta,B1+R2026092201,500,0.6606116344116515,0.4626450861573905,0.8134333891983367,0.7882289129156516
EdNet,42,student,2PL_theta,R2026092202,500,0.0029081686977276,0.792988807808357,0.0688294826995674,0.0616844707378829
EdNet,42,student,2PL_theta,B1+R2026092202,500,0.6419972071927124,0.475163076889764,0.8024065762097393,0.765063156252625
EdNet,42,student,2PL_theta,R2026092203,500,-0.0014625499510405,0.7947249272738268,-0.0418622350953812,-0.0270837243348973
EdNet,42,student,2PL_theta,B1+R2026092203,500,0.6741366612293402,0.4533328911934599,0.8214048917176512,0.78424806499226
EdNet,42,item,Rasch_b,B0,12267,0.9103734813140548,0.3193384309279274,0.954134940226084,0.9766270182556416
EdNet,42,item,Rasch_b,L,12267,0.9838250385741892,0.135660855047826,0.9918795554013836,0.9958956547521532
EdNet,42,item,Rasch_b,B1,12267,0.95972126551235,0.214077405018857,0.9796536471635632,0.9774052843543816
EdNet,42,item,Rasch_b,B1+L,12267,0.9920741496838092,0.0949633127366858,0.996029193777898,0.9971956316772582
EdNet,42,item,Rasch_b,S,12267,0.2407979941174133,0.9294191073838772,0.5431629751795565,0.781638369733259
EdNet,42,item,Rasch_b,B1+S,12267,0.9517339476867313,0.234343986106731,0.9759456912024832,0.9879331427715944
EdNet,42,item,Rasch_b,R2026092201,12267,-0.0003122291158781,1.0668434921415193,-0.0176908737119616,-0.0140067688229467
EdNet,42,item,Rasch_b,B1+R2026092201,12267,0.9595914647493536,0.2144220665405357,0.9795874047618912,0.9772947579576852
EdNet,42,item,Rasch_b,R2026092202,12267,-0.0003162336750726,1.0668456275915894,-0.0251452722762373,-0.021153367635952
EdNet,42,item,Rasch_b,B1+R2026092202,12267,0.9593873958913288,0.2149628156723633,0.9794832366046048,0.9771988358332984
EdNet,42,item,Rasch_b,R2026092203,12267,-0.0001734812046567,1.0667695015238772,-0.0081693815023029,-0.007931394363516
EdNet,42,item,Rasch_b,B1+R2026092203,12267,0.9594671579515685,0.2147516213372968,0.9795239475679646,0.9772365665368794
EdNet,42,item,2PL_b,B0,12267,0.4922977833405072,1.0774291699832297,0.7016393748381726,0.8801400228977223
EdNet,42,item,2PL_b,L,12267,0.6183638772939322,0.9341334783218764,0.7864120131417838,0.9705128021078414
EdNet,42,item,2PL_b,B1,12267,0.5888921972735007,0.9695318025728707,0.7673931871530713,0.9547995648666252
EdNet,42,item,2PL_b,B1+L,12267,0.6387453993172034,0.9088472404001966,0.799225590808796,0.9644196667225672
EdNet,42,item,2PL_b,S,12267,0.1739011000375118,1.3743590971485042,0.4394720248694356,0.7482156569022669
EdNet,42,item,2PL_b,B1+S,12267,0.5815615356144523,0.9781377028629974,0.7632375290033384,0.9518690311180914
EdNet,42,item,2PL_b,R2026092201,12267,-0.0001561262326925,1.5122308698824014,-0.0127392301410753,-0.0171547749506345
EdNet,42,item,2PL_b,B1+R2026092201,12267,0.585932323290413,0.9730157369364364,0.7654726222131227,0.95249288141044
EdNet,42,item,2PL_b,R2026092202,12267,-0.000252650126933,1.512303839935342,-0.017374829855646,-0.0170660361214561
EdNet,42,item,2PL_b,B1+R2026092202,12267,0.5859311762470982,0.9730170846514186,0.7654719013254856,0.952274306705286
EdNet,42,item,2PL_b,R2026092203,12267,-0.0001987266185494,1.5122630753205812,-0.0163169973018715,-0.0148840791541441
EdNet,42,item,2PL_b,B1+R2026092203,12267,0.5857515631894548,0.9732280974292694,0.7653542958193861,0.9522448929762244
EdNet,42,item,2PL_log_a,B0,12267,0.1431063208564634,0.3974688811376134,0.3782955190269653,0.4316263478655747
EdNet,42,item,2PL_log_a,L,12267,0.8501484062485949,0.1662150504612331,0.9220366634707202,0.951105140562554
EdNet,42,item,2PL_log_a,B1,12267,0.6727229502541134,0.2456390665863449,0.820196918032456,0.8008497780542296
EdNet,42,item,2PL_log_a,B1+L,12267,0.8897796255351296,0.142551110119933,0.9432814600511572,0.9659140930446533
EdNet,42,item,2PL_log_a,S,12267,0.125056331523223,0.4016332957446951,0.3906455543376831,0.5513891415129976
EdNet,42,item,2PL_log_a,B1+S,12267,0.6952502269500078,0.2370343889815785,0.8345684211897502,0.8620549710487568
EdNet,42,item,2PL_log_a,R2026092201,12267,-0.0002442347436411,0.4294303066094943,-0.0183252252252234,-0.0157184091472855
EdNet,42,item,2PL_log_a,B1+R2026092201,12267,0.670971814200085,0.2462953508738748,0.8191326292921833,0.7995144248555381
EdNet,42,item,2PL_log_a,R2026092202,12267,-0.0002031104095607,0.4294214786571286,-0.0194767030262163,-0.0186822897709694
EdNet,42,item,2PL_log_a,B1+R2026092202,12267,0.6700050988101616,0.2466569048147255,0.8185442867505839,0.7982321334063288
EdNet,42,item,2PL_log_a,R2026092203,12267,-0.0002459383485562,0.4294306723098124,-0.0127007443942911,-0.0136801461556497
EdNet,42,item,2PL_log_a,B1+R2026092203,12267,0.6708354140633852,0.2463463970151901,0.8190505564339825,0.7988024332600951
EdNet,43,student,Rasch_theta,B0,500,0.7083164921869622,0.3698181223920463,0.8416156045191225,0.8204403328104795
EdNet,43,student,Rasch_theta,L,500,0.9644929134034628,0.129029725058888,0.9824217356911904,0.982631034524138
EdNet,43,student,Rasch_theta,B1,500,0.7075902363304303,0.3702782368543159,0.8411846819325621,0.8195109260437041
EdNet,43,student,Rasch_theta,B1+L,500,0.9741242583709055,0.1101485172222358,0.9872897214208972,0.988188688754755
EdNet,43,student,Rasch_theta,S,500,0.5063286101023134,0.4811175859840054,0.7149749334026188,0.7553604934419736
EdNet,43,student,Rasch_theta,B1+S,500,0.7804142210287254,0.3208738738329172,0.8838355255342968,0.8817428869715478
EdNet,43,student,Rasch_theta,R2026092201,500,-0.0021621421658288,0.6854901971944478,-0.0620000413521232,-0.0498674954699818
EdNet,43,student,Rasch_theta,B1+R2026092201,500,0.6631554013726626,0.3974175540141092,0.8152808152731418,0.77938103752415
EdNet,43,student,Rasch_theta,R2026092202,500,-0.0019703945118949,0.6854246152793734,-0.0617109986051042,-0.0633879975519902
EdNet,43,student,Rasch_theta,B1+R2026092202,500,0.657375105501828,0.4008129174758185,0.8115791810605796,0.7811686606746426
EdNet,43,student,Rasch_theta,R2026092203,500,-0.0018325821992102,0.6853774765614135,-0.0570071523187672,-0.042128616514466
EdNet,43,student,Rasch_theta,B1+R2026092203,500,0.6569747833009998,0.4010470036011438,0.8115475107923669,0.7831643166572666
EdNet,43,student,2PL_theta,B0,500,0.6743059309219545,0.4431816854542414,0.8211616743417529,0.8031162408616592
EdNet,43,student,2PL_theta,L,500,0.9750692490547344,0.1226152703012214,0.9877508519979736,0.9893949335797344
EdNet,43,student,2PL_theta,B1,500,0.6737052328740322,0.4435901911054618,0.8207961820105968,0.8027198828795316
EdNet,43,student,2PL_theta,B1+L,500,0.9795868621334984,0.1109511387863192,0.9898296112739308,0.9921872967491868
EdNet,43,student,2PL_theta,S,500,0.500938492753835,0.5485976169162329,0.7105330151403844,0.7485528182112727
EdNet,43,student,2PL_theta,B1+S,500,0.742655505163559,0.3939438462917997,0.862025744361392,0.8674866379465517
EdNet,43,student,2PL_theta,R2026092201,500,-0.002462522865408,0.7775188960625844,-0.0682727427674708,-0.056501122004488
EdNet,43,student,2PL_theta,B1+R2026092201,500,0.6245676379657593,0.4758200438415816,0.791688790010835,0.7578721514886059
EdNet,43,student,2PL_theta,R2026092202,500,-0.0020341191163568,0.7773527414199558,-0.0605387349564621,-0.0669631478525914
EdNet,43,student,2PL_theta,B1+R2026092202,500,0.6185426382723694,0.4796228662695728,0.7876885992386679,0.7575968223872895
EdNet,43,student,2PL_theta,R2026092203,500,-0.0020060517423161,0.7773418543640536,-0.0596647832969133,-0.0452207888831555
EdNet,43,student,2PL_theta,B1+R2026092203,500,0.6189550311699233,0.4793635364325373,0.7883111563385831,0.7627844911379644
EdNet,43,item,Rasch_b,B0,12267,0.9101279027888328,0.320041214986496,0.9540062396539905,0.9766827374099704
EdNet,43,item,Rasch_b,L,12267,0.9835619926514588,0.1368730854636942,0.9917471816176644,0.9953948174167594
EdNet,43,item,Rasch_b,B1,12267,0.9597282409412208,0.2142366517609184,0.9796572070519532,0.9773888553427548
EdNet,43,item,Rasch_b,B1+L,12267,0.9927651044792364,0.0908049668582495,0.9963759976801476,0.9974253107137652
EdNet,43,item,Rasch_b,S,12267,0.2252625428112306,0.939660020128948,0.5171048577604567,0.7800013863374645
EdNet,43,item,Rasch_b,B1+S,12267,0.9511383102439408,0.2359813673582093,0.9756212153334424,0.9881397562697324
EdNet,43,item,Rasch_b,R2026092201,12267,-0.0002969898142526,1.067721414832963,-0.0170562318468291,-0.0133895640804376
EdNet,43,item,Rasch_b,B1+R2026092201,12267,0.9595907263832928,0.2146021132210802,0.9795870331128658,0.9772724069146708
EdNet,43,item,Rasch_b,R2026092202,12267,-0.0003021513671535,1.0677241695615651,-0.0247393364590595,-0.0208319263827405
EdNet,43,item,Rasch_b,B1+R2026092202,12267,0.959383039145712,0.2151528902421947,0.9794810122676284,0.9771765394619298
EdNet,43,item,Rasch_b,R2026092203,12267,-0.0001610619692624,1.0676488673779456,-0.0075953421195653,-0.0079467947551026
EdNet,43,item,Rasch_b,B1+R2026092203,12267,0.959491197294773,0.2148662359699957,0.9795362178356628,0.9772338511827984
EdNet,43,item,2PL_b,B0,12267,0.4808401588503451,1.110101405570726,0.6934264045110043,0.879736248949124
EdNet,43,item,2PL_b,L,12267,0.6120375307824112,0.9596369560382696,0.7823617478360305,0.964731330988664
EdNet,43,item,2PL_b,B1,12267,0.5782914758636093,1.0005027735946748,0.7604547862898051,0.9542345278411748
EdNet,43,item,2PL_b,B1+L,12267,0.63923973918056,0.9253828642895516,0.7995345366617589,0.955286667109748
EdNet,43,item,2PL_b,S,12267,0.1299562467431652,1.4370856531336986,0.3955476224169698,0.7404111859826882
EdNet,43,item,2PL_b,B1+S,12267,0.5715955532364974,1.008414524084345,0.756675586915213,0.9510443307007062
EdNet,43,item,2PL_b,R2026092201,12267,-0.0001006449911964,1.5407563304831156,-0.008917329224038,-0.0157726191649324
EdNet,43,item,2PL_b,B1+R2026092201,12267,0.5752418551198489,1.004113866950024,0.7584584778445591,0.9515283395492928
EdNet,43,item,2PL_b,R2026092202,12267,-0.0002716564776028,1.5408880551094597,-0.0167509781339961,-0.0106533193653677
EdNet,43,item,2PL_b,B1+R2026092202,12267,0.5752604609666283,1.0040918749134082,0.7584674116413194,0.9515863026493436
EdNet,43,item,2PL_b,R2026092203,12267,-0.0001303489624813,1.5407792113012633,-0.0121361386868414,-0.0130288304908115
EdNet,43,item,2PL_b,B1+R2026092203,12267,0.5755098243092353,1.00379708193574,0.7586331395473978,0.951203803510376
EdNet,43,item,2PL_log_a,B0,12267,0.1423577899618833,0.3994950972523359,0.3773051105029448,0.431520720963983
EdNet,43,item,2PL_log_a,L,12267,0.8434971656750149,0.1706551833810842,0.918421195422618,0.9493602944112552
EdNet,43,item,2PL_log_a,B1,12267,0.6715853189794303,0.247212064648952,0.8195031030725228,0.8007469733486474
EdNet,43,item,2PL_log_a,B1+L,12267,0.8937131885824423,0.1406365064242239,0.9453644790172075,0.9680314051217584
EdNet,43,item,2PL_log_a,S,12267,0.1222646565930298,0.4041477574950693,0.3868414421864603,0.5509964387694668
EdNet,43,item,2PL_log_a,B1+S,12267,0.6984362319086719,0.2368906725076806,0.8366784278346947,0.8622916116310348
EdNet,43,item,2PL_log_a,R2026092201,12267,-0.0003047120040353,0.4314441031123617,-0.0224555283812494,-0.0185170865646119
EdNet,43,item,2PL_log_a,B1+R2026092201,12267,0.6696262843954064,0.2479482937752094,0.8183108122015684,0.7993006940585987
EdNet,43,item,2PL_log_a,R2026092202,12267,-0.0002304682763103,0.4314280916847833,-0.0208485080734975,-0.0193170244219753
EdNet,43,item,2PL_log_a,B1+R2026092202,12267,0.6690486944682912,0.2481649422107748,0.8179591434710536,0.7984860775074636
EdNet,43,item,2PL_log_a,R2026092203,12267,-0.0002873985096376,0.4314403693313972,-0.0150338359147534,-0.0160663159161881
EdNet,43,item,2PL_log_a,B1+R2026092203,12267,0.6694678516339991,0.2480077392191495,0.8182156087373533,0.7983921275511566
EdNet,44,student,Rasch_theta,B0,500,0.6915954865874527,0.3984106337084081,0.8316255811940936,0.8180389499157593
EdNet,44,student,Rasch_theta,L,500,0.9622148406734526,0.1394540680420503,0.9815087240918532,0.9821162804651218
EdNet,44,student,Rasch_theta,B1,500,0.6925987097590619,0.3977621017669538,0.8322288284550733,0.8177457211123769
EdNet,44,student,Rasch_theta,B1+L,500,0.9691614903863291,0.1259845384483279,0.9846794739413856,0.9871097404389616
EdNet,44,student,Rasch_theta,S,500,0.5058344989848356,0.5043206720536876,0.7112462632143981,0.737627494509978
EdNet,44,student,Rasch_theta,B1+S,500,0.7567028854014872,0.3538661637953759,0.8705884951553369,0.8533428053712213
EdNet,44,student,Rasch_theta,R2026092201,500,-0.0047113196798527,0.7191031752579333,-0.0885697584374162,-0.0711719966879867
EdNet,44,student,Rasch_theta,B1+R2026092201,500,0.6380229104471182,0.4316294816160688,0.800237718630094,0.7751994527978111
EdNet,44,student,Rasch_theta,R2026092202,500,-0.0050044988262873,0.7192080863270356,0.0120892764299158,-0.0105503462013848
EdNet,44,student,Rasch_theta,B1+R2026092202,500,0.6495506084545368,0.4247009318699897,0.807048043733618,0.783382813531254
EdNet,44,student,Rasch_theta,R2026092203,500,-0.0072523601698881,0.7200119519179807,-0.0436473927539147,-0.0614237336949347
EdNet,44,student,Rasch_theta,B1+R2026092203,500,0.6409266148916515,0.4298947750709398,0.8017771621262161,0.7781092244368978
EdNet,44,student,2PL_theta,B0,500,0.6535546414260944,0.4786203495999754,0.8084285229177048,0.792822134760036
EdNet,44,student,2PL_theta,L,500,0.9728949844082794,0.1338747326985667,0.9864410656336016,0.9908028752115008
EdNet,44,student,2PL_theta,B1,500,0.6536523147266974,0.4785528761535378,0.8084893610623181,0.7919093746666295
EdNet,44,student,2PL_theta,B1+L,500,0.9771443971874916,0.1229334659301606,0.988510686289172,0.9927647390589563
EdNet,44,student,2PL_theta,S,500,0.4918106723944295,0.5796776500621263,0.702402707892078,0.7180747122988492
EdNet,44,student,2PL_theta,B1+S,500,0.7201314171419927,0.4301806389997636,0.8511953624133806,0.8278077592310369
EdNet,44,student,2PL_theta,R2026092201,500,-0.0044216354821644,0.8149515975929088,-0.0887824067595057,-0.0746517226068904
EdNet,44,student,2PL_theta,B1+R2026092201,500,0.5878844089937177,0.5220153917143401,0.7690487210211686,0.7410906123624493
EdNet,44,student,2PL_theta,R2026092202,500,-0.004212761057021,0.8148668565882212,-0.0045953686079574,-0.0417961671846687
EdNet,44,student,2PL_theta,B1+R2026092202,500,0.6102435038320826,0.5076571031180674,0.7827516288035703,0.7609681638726554
EdNet,44,student,2PL_theta,R2026092203,500,-0.0062886899005127,0.8157086763444092,-0.0309956952490844,-0.0546572426289705
EdNet,44,student,2PL_theta,B1+R2026092203,500,0.6020742051188293,0.5129497615036052,0.7774885724147816,0.7482316009264036
EdNet,44,item,Rasch_b,B0,12267,0.910177655690136,0.319892071205135,0.9540323149840028,0.976652184568524
EdNet,44,item,Rasch_b,L,12267,0.9877309761236264,0.1182268963591058,0.9938466341709392,0.9961148002982126
EdNet,44,item,Rasch_b,B1,12267,0.9596700637965906,0.2143507712716006,0.9796275138177362,0.9773796778196262
EdNet,44,item,Rasch_b,B1+L,12267,0.9939811212531848,0.0828073869150166,0.9969860417100374,0.9978469123985764
EdNet,44,item,Rasch_b,S,12267,0.2013132098194046,0.9538927187971395,0.5262386588290029,0.7820547034376892
EdNet,44,item,Rasch_b,B1+S,12267,0.9495004468586238,0.2398584653063696,0.9747362057190132,0.9878097706053538
EdNet,44,item,Rasch_b,R2026092201,12267,-0.0003008753166444,1.0675214432323687,-0.0170763589561762,-0.0133856687224141
EdNet,44,item,Rasch_b,B1+R2026092201,12267,0.959536877549795,0.2147044173026408,0.9795595467046488,0.9772676349770894
EdNet,44,item,Rasch_b,R2026092202,12267,-0.0003093942553746,1.0675259889298836,-0.0249260189886376,-0.0209592246037361
EdNet,44,item,Rasch_b,B1+R2026092202,12267,0.95932716436216,0.2152600857092341,0.979452489695264,0.9771698146349532
EdNet,44,item,Rasch_b,R2026092203,12267,-0.0001676884298951,1.0674503723205635,-0.0078990894744158,-0.0076636909112239
EdNet,44,item,Rasch_b,B1+R2026092203,12267,0.9594306762006072,0.2149859941470848,0.9795053246736682,0.9772237588099596
EdNet,44,item,2PL_b,B0,12267,0.4965098058130583,1.071244251786826,0.704634528954214,0.8809521296849586
EdNet,44,item,2PL_b,L,12267,0.6313578312909285,0.9166330294688732,0.7946250409628848,0.9707375595798476
EdNet,44,item,2PL_b,B1,12267,0.5908371477214088,0.9656974727744556,0.7686593672034701,0.9556631231856146
EdNet,44,item,2PL_b,B1+L,12267,0.651296040483466,0.891500180720363,0.8070361064740577,0.9619819524606495
EdNet,44,item,2PL_b,S,12267,0.1444181878436705,1.3964447835767593,0.4093488962500839,0.7431650072873854
EdNet,44,item,2PL_b,B1+S,12267,0.5803565480787174,0.9779873144489072,0.7623069599368165,0.9531793733370664
EdNet,44,item,2PL_b,R2026092201,12267,-0.0001525844599934,1.509823312797916,-0.0123773579058279,-0.0166322356322466
EdNet,44,item,2PL_b,B1+R2026092201,12267,0.587980812197385,0.9690623417281998,0.766809915844578,0.95321088940219
EdNet,44,item,2PL_b,R2026092202,12267,-0.0003097363511395,1.5099419258339786,-0.016302746885233,-0.0158728533349956
EdNet,44,item,2PL_b,B1+R2026092202,12267,0.5882804522329699,0.968709903425478,0.7670022757098074,0.9531155793467068
EdNet,44,item,2PL_b,R2026092203,12267,-0.0001872341149016,1.5098494660091748,-0.015984431282492,-0.0139481521074417
EdNet,44,item,2PL_b,B1+R2026092203,12267,0.5877978046848309,0.9692775331625804,0.7666887438921858,0.9533313360633032
EdNet,44,item,2PL_log_a,B0,12267,0.1432522227523727,0.3975051287086045,0.3784897915143942,0.4336823421786223
EdNet,44,item,2PL_log_a,L,12267,0.8538667345927627,0.1641688619795002,0.924049937597314,0.9518828019897914
EdNet,44,item,2PL_log_a,B1,12267,0.6733167170565806,0.2454594172800984,0.8205587859385988,0.8008938580538955
EdNet,44,item,2PL_log_a,B1+L,12267,0.8993756822160296,0.136228419391569,0.9483547618748278,0.9693912082330997
EdNet,44,item,2PL_log_a,S,12267,0.1214466820854913,0.402531901513162,0.3795591471140249,0.5495071421676759
EdNet,44,item,2PL_log_a,B1+S,12267,0.7001948367978565,0.2351450263229531,0.8377290525986594,0.8622260284561729
EdNet,44,item,2PL_log_a,R2026092201,12267,-0.0002949204478612,0.4295169182512725,-0.022936680701912,-0.017073305225308
EdNet,44,item,2PL_log_a,B1+R2026092201,12267,0.6714329751324897,0.2461660918783425,0.8194140283385876,0.7993831853247715
EdNet,44,item,2PL_log_a,R2026092202,12267,-0.0002020835973526,0.4294969861680674,-0.0196480599911609,-0.0193429818244294
EdNet,44,item,2PL_log_a,B1+R2026092202,12267,0.670745581986131,0.2464234586585712,0.8189953270143292,0.7984104105281652
EdNet,44,item,2PL_log_a,R2026092203,12267,-0.0001973037270153,0.42949595990428,-0.0082410053210327,-0.0096117454009516
EdNet,44,item,2PL_log_a,B1+R2026092203,12267,0.671418912278023,0.246171359845944,0.8194065148051468,0.7986733542592418
EdNet,45,student,Rasch_theta,B0,500,0.722814707583513,0.3877932608389136,0.8501877317268037,0.832107592253871
EdNet,45,student,Rasch_theta,L,500,0.968819346130839,0.1300642003895929,0.984615109217987,0.9892349969399876
EdNet,45,student,Rasch_theta,B1,500,0.7211376450448186,0.3889646303515451,0.8492027275813094,0.8312579569322106
EdNet,45,student,Rasch_theta,B1+L,500,0.9748739509667292,0.1167554783996396,0.9874627798972224,0.9920441601766408
EdNet,45,student,Rasch_theta,S,500,0.5810894119685877,0.4767336800965855,0.7637128589455586,0.7928027552110207
EdNet,45,student,Rasch_theta,B1+S,500,0.7849717950400683,0.3415567566493001,0.8860012158334424,0.8810318121272485
EdNet,45,student,Rasch_theta,R2026092201,500,-0.0092750043493829,0.7399799031372296,-0.1235823063338371,-0.1070594362377449
EdNet,45,student,Rasch_theta,B1+R2026092201,500,0.6890742997885085,0.4107177542974058,0.8311475047335183,0.8013377653510615
EdNet,45,student,Rasch_theta,R2026092202,500,-0.0089793868773777,0.7398715248420229,-0.1266090572953699,-0.1269518678074712
EdNet,45,student,Rasch_theta,B1+R2026092202,500,0.6638157058277394,0.4270747313053171,0.8155502021911234,0.7813009492037969
EdNet,45,student,Rasch_theta,R2026092203,500,-0.0113995235484571,0.7407583208417114,-0.1453108404156425,-0.0995837903351613
EdNet,45,student,Rasch_theta,B1+R2026092203,500,0.6672288950740282,0.4249012126671355,0.8179144301276668,0.7980384241536965
EdNet,45,student,2PL_theta,B0,500,0.6881666069627436,0.4685821569564258,0.8295595896673942,0.8115710431504112
EdNet,45,student,2PL_theta,L,500,0.969764266574287,0.1459098768437997,0.9848889602648482,0.9916847347389388
EdNet,45,student,2PL_theta,B1,500,0.6864440564499942,0.4698745856200889,0.8285225404572629,0.8105343050428677
EdNet,45,student,2PL_theta,B1+L,500,0.9719211328719688,0.1406093588336882,0.9859439409727112,0.992752547010188
EdNet,45,student,2PL_theta,S,500,0.566628459457338,0.5524012224098593,0.7536001353972915,0.7824724418897675
EdNet,45,student,2PL_theta,B1+S,500,0.7613443157390908,0.4099305907586369,0.8744262577282004,0.8620416881667525
EdNet,45,student,2PL_theta,R2026092201,500,-0.0094285756663599,0.8430672802217176,-0.125517798380019,-0.0985980583922335
EdNet,45,student,2PL_theta,B1+R2026092201,500,0.6457754436887337,0.4994175151885274,0.8053376499692229,0.774061368245473
EdNet,45,student,2PL_theta,R2026092202,500,-0.0090594639355772,0.8429131264345862,-0.1271596453131788,-0.1317977751911007
EdNet,45,student,2PL_theta,B1+R2026092202,500,0.6191710838094134,0.5178326090352868,0.7884819157995919,0.7517958071832286
EdNet,45,student,2PL_theta,R2026092203,500,-0.0115448757155141,0.8439505765731776,-0.1449856817042918,-0.1075309901239604
EdNet,45,student,2PL_theta,B1+R2026092203,500,0.6314083817943679,0.5094448362660583,0.7959912336822171,0.7733305173220693
EdNet,45,item,Rasch_b,B0,12266,0.9101553031689272,0.3198295600577435,0.9540205992121624,0.9766205704419616
EdNet,45,item,Rasch_b,L,12266,0.985076428409428,0.1303493180924438,0.9925101984077892,0.996082928122822
EdNet,45,item,Rasch_b,B1,12266,0.9596601204997476,0.2143086374927053,0.9796224391776284,0.9773854539482556
EdNet,45,item,Rasch_b,B1+L,12266,0.9923031911816635,0.0936111814663965,0.9961441789091972,0.9972982310117404
EdNet,45,item,Rasch_b,S,12266,0.3625236517502561,0.8519309869790066,0.6025386408379683,0.778587304714376
EdNet,45,item,Rasch_b,B1+S,12266,0.9509056110148542,0.2364222284437598,0.9752837592820012,0.9877809782221184
EdNet,45,item,Rasch_b,R2026092201,12266,-5.781812230698513e-05,1.06705039665129,-0.0043006759759098,-0.0029512133575807
EdNet,45,item,Rasch_b,B1+R2026092201,12266,0.9594414815991246,0.2148886204739725,0.9795108964425014,0.9772456103952424
EdNet,45,item,Rasch_b,R2026092202,12266,-8.019718549179267e-05,1.067062335688325,-0.01384468964394,-0.0183275340865224
EdNet,45,item,Rasch_b,B1+R2026092202,12266,0.9593575589805532,0.2151108265259127,0.9794680838629786,0.9771947853977416
EdNet,45,item,Rasch_b,R2026092203,12266,-0.0001043189476634,1.0670752042906386,-0.0098811809308485,-0.0081228575232592
EdNet,45,item,Rasch_b,B1+R2026092203,12266,0.959385221764408,0.2150376077792124,0.9794821264917212,0.977246931425332
EdNet,45,item,2PL_b,B0,12266,0.4802804849250294,1.1065246102434374,0.6930233893496637,0.8798765267299332
EdNet,45,item,2PL_b,L,12266,0.6116033527212685,0.956564592737276,0.7821147899429739,0.972767630524414
EdNet,45,item,2PL_b,B1,12266,0.576407434761141,0.9989660517950938,0.7592177001264069,0.9540545049839806
EdNet,45,item,2PL_b,B1+L,12266,0.6286846623048923,0.9352937012943962,0.7929185522779576,0.9634730021181316
EdNet,45,item,2PL_b,S,12266,0.2173752909152635,1.357854834624474,0.4691906401752053,0.7434745917911382
EdNet,45,item,2PL_b,B1+S,12266,0.5690879377260627,1.007559937637695,0.7549214451419133,0.9504316643291234
EdNet,45,item,2PL_b,R2026092201,12266,-0.000351247216157,1.5351570953712887,-0.0210952718383484,-0.0117939697493851
EdNet,45,item,2PL_b,B1+R2026092201,12266,0.5729119380012073,1.0030793303054717,0.7569324201522278,0.9513175879510808
EdNet,45,item,2PL_b,R2026092202,12266,-0.0003861525295514,1.5351838782999068,-0.0207976513980808,-0.0229861345598561
EdNet,45,item,2PL_b,B1+R2026092202,12266,0.5740120067493614,1.001786660487809,0.7576531965024592,0.9514439447479984
EdNet,45,item,2PL_b,R2026092203,12266,-0.0003161349162208,1.535130153149975,-0.0219194694020099,-0.0170453909430309
EdNet,45,item,2PL_b,B1+R2026092203,12266,0.5731445933921725,1.0028060803303502,0.7570885620048344,0.951198249582898
EdNet,45,item,2PL_log_a,B0,12266,0.1435859982834378,0.3982504430758295,0.3789279515720443,0.4335249333482445
EdNet,45,item,2PL_log_a,L,12266,0.8393574713849817,0.1724823473328773,0.9161649997095958,0.9468659006177708
EdNet,45,item,2PL_log_a,B1,12266,0.6744964993639131,0.2455230214142087,0.8212773722161222,0.8001543881732808
EdNet,45,item,2PL_log_a,B1+L,12266,0.8885669061121997,0.1436552434451213,0.9426388575702946,0.9654471911457116
EdNet,45,item,2PL_log_a,S,12266,0.1208072468930625,0.4035119844592613,0.3737971044519608,0.5475882204415333
EdNet,45,item,2PL_log_a,B1+S,12266,0.702101901869055,0.2348811980318575,0.8389858505922981,0.8622524889218867
EdNet,45,item,2PL_log_a,R2026092201,12266,-0.0001968821481483,0.430385009571531,-0.0169233859221959,-0.0155783827396831
EdNet,45,item,2PL_log_a,B1+R2026092201,12266,0.6720980219272112,0.2464259312275391,0.8198209096144056,0.798423248486512
EdNet,45,item,2PL_log_a,R2026092202,12266,-0.000148857637217,0.4303746769669819,-0.0170252546415667,-0.0166979905183002
EdNet,45,item,2PL_log_a,B1+R2026092202,12266,0.6719766862391524,0.2464715203004715,0.8197472901001432,0.7980722820225754
EdNet,45,item,2PL_log_a,R2026092203,12266,-8.706328096730331e-05,0.430361381377676,-0.0041166005878878,-0.0098442945452105
EdNet,45,item,2PL_log_a,B1+R2026092203,12266,0.6728602810488478,0.2461393368798584,0.8202843266754523,0.7981901171677283
EdNet,46,student,Rasch_theta,B0,500,0.694883341520222,0.3992161353816341,0.8335970165739774,0.8236924910679416
EdNet,46,student,Rasch_theta,L,500,0.962458876723658,0.1400324727852466,0.9812192475297802,0.984815139260557
EdNet,46,student,Rasch_theta,B1,500,0.6941632905745108,0.3996869168915658,0.8331653635566276,0.8234647611485094
EdNet,46,student,Rasch_theta,B1+L,500,0.969919979556345,0.1253470709209152,0.985018994244264,0.988188304753219
EdNet,46,student,Rasch_theta,S,500,0.4772330668721616,0.5225515989097861,0.6926665217532273,0.7303265693062773
EdNet,46,student,Rasch_theta,B1+S,500,0.7563073100408952,0.356776612211592,0.8697334609267554,0.8731689006756027
EdNet,46,student,Rasch_theta,R2026092201,500,-0.0186476284869328,0.7294358694592897,-0.124423676819021,-0.1017492709970839
EdNet,46,student,Rasch_theta,B1+R2026092201,500,0.638120844343333,0.4347673383934983,0.7996844137063202,0.7835470701882807
EdNet,46,student,Rasch_theta,R2026092202,500,-0.0027354070414766,0.7237162122888136,-0.0701359809637387,-0.1007465469861879
EdNet,46,student,Rasch_theta,B1+R2026092202,500,0.6289920754027322,0.440216908368074,0.7949049523164196,0.7840887043548174
EdNet,46,student,Rasch_theta,R2026092203,500,-0.0075153208323701,0.7254390937003076,0.0004895273724208,-0.0071705566822267
EdNet,46,student,Rasch_theta,B1+R2026092203,500,0.652611666035575,0.4259736559617365,0.8081894644647466,0.7873633734534938
EdNet,46,student,2PL_theta,B0,500,0.6671176798303609,0.4687905363150473,0.8167738168840072,0.8054866832536788
EdNet,46,student,2PL_theta,L,500,0.9638169050965348,0.1545561626790047,0.9818995174875612,0.9911040284161136
EdNet,46,student,2PL_theta,B1,500,0.6662324252834897,0.4694134642791326,0.8162322830737594,0.8053028791933261
EdNet,46,student,2PL_theta,B1+L,500,0.966941336988205,0.1477325225881497,0.9834734993447468,0.9915828783315132
EdNet,46,student,2PL_theta,S,500,0.4604212314612155,0.5968440891873605,0.6785458324662955,0.7235847503390013
EdNet,46,student,2PL_theta,B1+S,500,0.7223488713590842,0.4281374248003208,0.8499960620695853,0.8527924351697406
EdNet,46,student,2PL_theta,R2026092201,500,-0.0176784714363307,0.8196694798246746,-0.1168945202507311,-0.0935455581822327
EdNet,46,student,2PL_theta,B1+R2026092201,500,0.6066425215555094,0.5095973683469113,0.7802768792110609,0.7621650006600026
EdNet,46,student,2PL_theta,R2026092202,500,-0.0025586429934822,0.8135577069778199,-0.0677992172212666,-0.0977389509558038
EdNet,46,student,2PL_theta,B1+R2026092202,500,0.599529095576659,0.5141844697160239,0.7768004025551483,0.7621246804987218
EdNet,46,student,2PL_theta,R2026092203,500,-0.0091872593314166,0.8162427755583018,0.0050837381495807,0.0040726242904971
EdNet,46,student,2PL_theta,B1+R2026092203,500,0.6257030556463383,0.4970975374830111,0.7916176886965831,0.7669141396565586
EdNet,46,item,Rasch_b,B0,12266,0.9102863097863904,0.3195503611979885,0.9540892569371208,0.976628147566632
EdNet,46,item,Rasch_b,L,12266,0.9836336313611004,0.136485374842271,0.9917830620011016,0.9962506825614078
EdNet,46,item,Rasch_b,B1,12266,0.9596827157492044,0.2142178161607708,0.9796339706653334,0.9773800316978332
EdNet,46,item,Rasch_b,B1+L,12266,0.9917857329144372,0.0966928502274451,0.995884408221037,0.9972301827043044
EdNet,46,item,Rasch_b,S,12266,0.3749267756831699,0.8434811863733621,0.619622490559977,0.7832901182787909
EdNet,46,item,Rasch_b,B1+S,12266,0.9467867597308596,0.2461046416179386,0.9730914911535422,0.987467422616354
EdNet,46,item,Rasch_b,R2026092201,12266,-3.382480826275014e-05,1.0668842334879576,-0.0058618594303548,-0.0065841965228056
EdNet,46,item,Rasch_b,B1+R2026092201,12266,0.9595239247563,0.2146392536781772,0.9795529792938756,0.9772714000255496
EdNet,46,item,Rasch_b,R2026092202,12266,-6.472132957369148e-05,1.0669007143089262,-0.012599756814,-0.014765673872768
EdNet,46,item,Rasch_b,B1+R2026092202,12266,0.9593398560051408,0.2151267461532213,0.979459011253068,0.9771740780474044
EdNet,46,item,Rasch_b,R2026092203,12266,-6.640657816991968e-05,1.0669016132468323,-0.0035320395161047,-0.0056581650355668
EdNet,46,item,Rasch_b,B1+R2026092203,12266,0.9594535724409772,0.2148257071879846,0.9795170280610072,0.9772324031439656
EdNet,46,item,2PL_b,B0,12266,0.5075847223759109,1.0486839048470795,0.7124498187894541,0.8814508456285024
EdNet,46,item,2PL_b,L,12266,0.6318690933504878,0.906734172137178,0.7949576749775654,0.9736022178066056
EdNet,46,item,2PL_b,B1,12266,0.5997165166192426,0.9455024931304912,0.7744138246858528,0.956238595344185
EdNet,46,item,2PL_b,B1+L,12266,0.652632246665158,0.8807924696912482,0.8078648205043089,0.968188624981645
EdNet,46,item,2PL_b,S,12266,0.2039014826791584,1.3334055260333224,0.4564852430585766,0.7452636487745201
EdNet,46,item,2PL_b,B1+S,12266,0.5885871363176567,0.9585566323193796,0.7676458753578403,0.9538161495107202
EdNet,46,item,2PL_b,R2026092201,12266,-7.481853209556633e-05,1.4944971429590583,-0.0040756671966537,-0.0047447306617517
EdNet,46,item,2PL_b,B1+R2026092201,12266,0.5964624952534101,0.949337847211101,0.7723209336854822,0.9536562257814593
EdNet,46,item,2PL_b,R2026092202,12266,-0.0001614001788998,1.4945618347305565,-0.0072200663611665,-0.0081394546344618
EdNet,46,item,2PL_b,B1+R2026092202,12266,0.5976936762799898,0.9478885400304342,0.7731114976071558,0.9536608589420198
EdNet,46,item,2PL_b,R2026092203,12266,-0.0001386785252521,1.4945448579159992,-0.0144292746005115,-0.0059445491316595
EdNet,46,item,2PL_b,B1+R2026092203,12266,0.5964222465366258,0.9493851893750742,0.7722960161407653,0.9537794260043506
EdNet,46,item,2PL_log_a,B0,12266,0.1440195246993733,0.3959625911241785,0.3794993923233656,0.4320165893920269
EdNet,46,item,2PL_log_a,L,12266,0.8533969453624874,0.1638678433112153,0.9237958451983336,0.9538571162576828
EdNet,46,item,2PL_log_a,B1,12266,0.6712812599651601,0.2453773432989972,0.8193176110763217,0.8004224032838989
EdNet,46,item,2PL_log_a,B1+L,12266,0.890105850409007,0.1418761891164721,0.9434547638786508,0.967569315960743
EdNet,46,item,2PL_log_a,S,12266,0.1230353424110237,0.4007866748277633,0.3787721420983964,0.5527073568136506
EdNet,46,item,2PL_log_a,B1+S,12266,0.6951032018480052,0.2363190107999117,0.8344614869172684,0.8622147651225598
EdNet,46,item,2PL_log_a,R2026092201,12266,-0.0001370502992914,0.4280080982522171,-0.0148943965707704,-0.0074742840680615
EdNet,46,item,2PL_log_a,B1+R2026092201,12266,0.6692761588828833,0.2461245753818881,0.8180978468404497,0.7987794871548086
EdNet,46,item,2PL_log_a,R2026092202,12266,-0.0001409470374693,0.4280089320548804,-0.0154236300721338,-0.0127969087544888
EdNet,46,item,2PL_log_a,B1+R2026092202,12266,0.669112306063665,0.24618553743959,0.8179986426937794,0.7985708674494802
EdNet,46,item,2PL_log_a,R2026092203,12266,-0.0001820145022921,0.4280177193470011,-0.0141149328636198,-0.0138586404765563
EdNet,46,item,2PL_log_a,B1+R2026092203,12266,0.6695485395285017,0.2460232017109193,0.8182644597384559,0.7984183505038087
