dataset,seed,unit,target,features,n,log_loss,balanced_accuracy,macro_f1,log_loss_clip_1e12
EdNet,42,item,part,irt_response_controls,12267,1.53725244843,0.184220444338,0.160653258966,1.53567896926
EdNet,42,item,part,irt_response_controls_plus_latent64,12267,1.38767285088,0.298265386596,0.30488354108,1.3872748169
EdNet,43,item,part,irt_response_controls,12267,1.54199899081,0.184215390953,0.159800175894,1.53994160948
EdNet,43,item,part,irt_response_controls_plus_latent64,12267,1.03513607242,0.431615837658,0.436366570333,1.03513607242
EdNet,44,item,part,irt_response_controls,12267,1.5375394614,0.184874386213,0.161270375062,1.53589041515
EdNet,44,item,part,irt_response_controls_plus_latent64,12267,1.17222561356,0.381080566977,0.386874159297,1.17155273765
EdNet,45,item,part,irt_response_controls,12266,1.5419406997,0.183988266198,0.15992371866,1.54005991169
EdNet,45,item,part,irt_response_controls_plus_latent64,12266,1.42217868916,0.287524958717,0.292114379443,1.42217868916
EdNet,46,item,part,irt_response_controls,12266,1.533432375,0.184567348336,0.16135974157,1.53209635132
EdNet,46,item,part,irt_response_controls_plus_latent64,12266,1.35594450164,0.307975189861,0.309887123325,1.35594450164
