dataset,protocol,seed,model,k,auc,score_correlation,log_loss,brier,accuracy
KMLE,warm,42,Constant,-1,0.5,,0.59371755823,0.20195549095,0.7192
KMLE,warm,42,Item rate,-1,0.824328089447,0.324343272963,0.444255126441,0.144678124291,0.78605
KMLE,warm,42,Rasch,-1,0.838317392366,0.727307956951,0.431083338132,0.140813338081,0.7907
KMLE,warm,42,2PL,-1,0.843981998933,0.741083947466,0.423473750229,0.138138060999,0.79635
KMLE,warm,42,CDLD,-1,0.843761636465,0.741261861057,0.424338639334,0.138268481291,0.797
KMLE,warm,43,Constant,-1,0.5,,0.588682460784,0.199611630958,0.7245
KMLE,warm,43,Item rate,-1,0.825623128285,0.341187709557,0.440349771601,0.143154612292,0.79065
KMLE,warm,43,Rasch,-1,0.841859659143,0.778468232484,0.424879717232,0.138240864768,0.797
KMLE,warm,43,2PL,-1,0.847610524312,0.788258051992,0.417298510427,0.135553660666,0.80075
KMLE,warm,43,CDLD,-1,0.846542687303,0.776183405732,0.420171131875,0.136281727914,0.7987
KMLE,warm,44,Constant,-1,0.5,,0.594193653384,0.202177046495,0.7187
KMLE,warm,44,Item rate,-1,0.823560992957,0.435082833784,0.445560021525,0.144686564129,0.7893
KMLE,warm,44,Rasch,-1,0.836975994398,0.771563958641,0.43222606071,0.140772337735,0.79345
KMLE,warm,44,2PL,-1,0.842822735692,0.777818033136,0.425151569931,0.138301879873,0.79665
KMLE,warm,44,CDLD,-1,0.84197326007,0.777652111018,0.431765039737,0.139632693886,0.7968
KMLE,warm,45,Constant,-1,0.5,,0.591293432969,0.20082714993,0.72175
KMLE,warm,45,Item rate,-1,0.825979980898,0.424859983672,0.441305754303,0.143153981333,0.793
KMLE,warm,45,Rasch,-1,0.84052949819,0.784426064458,0.426958877891,0.138568521087,0.7984
KMLE,warm,45,2PL,-1,0.84610983773,0.792594938634,0.420130041872,0.13619204497,0.8016
KMLE,warm,45,CDLD,-1,0.846012508905,0.789632844744,0.420836497425,0.136255476544,0.80235
KMLE,warm,46,Constant,-1,0.5,,0.594003305506,0.202088460542,0.7189
KMLE,warm,46,Item rate,-1,0.821847310699,0.326665638343,0.44812554785,0.145228916005,0.7898
KMLE,warm,46,Rasch,-1,0.83883231719,0.763921888282,0.43101419724,0.139748563774,0.7969
KMLE,warm,46,2PL,-1,0.844975937832,0.781376412968,0.42354066082,0.137257771993,0.80065
KMLE,warm,46,CDLD,-1,0.844530359315,0.771405476449,0.42412382581,0.137613219689,0.8013
KMLE,cold,42,Constant,0,0.5,,0.593715260264,0.201954566669,0.7192
KMLE,cold,42,Item rate,0,0.824305973973,0.324513738025,0.444299019007,0.144704523892,0.78605
KMLE,cold,42,Constant,4,0.5,,0.593715260264,0.201954566669,0.7192
KMLE,cold,42,Item rate,4,0.824305973973,0.324513738025,0.444299019007,0.144704523892,0.78605
KMLE,cold,42,Constant,8,0.5,,0.593715260264,0.201954566669,0.7192
KMLE,cold,42,Item rate,8,0.824305973973,0.324513738025,0.444299019007,0.144704523892,0.78605
KMLE,cold,42,Constant,12,0.5,,0.593715260264,0.201954566669,0.7192
KMLE,cold,42,Item rate,12,0.824305973973,0.324513738025,0.444299019007,0.144704523892,0.78605
KMLE,cold,42,Constant,16,0.5,,0.593715260264,0.201954566669,0.7192
KMLE,cold,42,Item rate,16,0.824305973973,0.324513738025,0.444299019007,0.144704523892,0.78605
KMLE,cold,42,Constant,20,0.5,,0.593715260264,0.201954566669,0.7192
KMLE,cold,42,Item rate,20,0.824305973973,0.324513738025,0.444299019007,0.144704523892,0.78605
KMLE,cold,42,Constant,40,0.5,,0.593715260264,0.201954566669,0.7192
KMLE,cold,42,Item rate,40,0.824305973973,0.324513738025,0.444299019007,0.144704523892,0.78605
KMLE,cold,42,Rasch,0,0.824310213855,0.32513955065,0.445136717385,0.144879938072,0.78605
KMLE,cold,42,Rasch,4,0.820686432862,0.367104370129,0.448482189128,0.146494693804,0.78295
KMLE,cold,42,Rasch,8,0.82253900766,0.448309935796,0.44688303433,0.146162733934,0.78345
KMLE,cold,42,Rasch,12,0.823748847247,0.482465732617,0.445765334544,0.145775664094,0.7835
KMLE,cold,42,Rasch,16,0.824923331786,0.501588405669,0.444945436241,0.145456228416,0.7851
KMLE,cold,42,Rasch,20,0.827116885967,0.538863268772,0.442494992401,0.144550618172,0.78845
KMLE,cold,42,Rasch,40,0.832335704498,0.625989421815,0.437196227265,0.142706261511,0.78985
KMLE,cold,42,2PL,0,0.824262826207,0.32454325043,0.444273676985,0.144703569365,0.78605
KMLE,cold,42,2PL,4,0.827333169482,0.422308623191,0.441081703499,0.143722651727,0.7881
KMLE,cold,42,2PL,8,0.829432629223,0.475806892883,0.438907620837,0.143154824115,0.78845
KMLE,cold,42,2PL,12,0.832166882907,0.541602342853,0.435957307471,0.142114492975,0.78925
KMLE,cold,42,2PL,16,0.832954764454,0.556832514876,0.435169139828,0.141846648667,0.7892
KMLE,cold,42,2PL,20,0.834875208317,0.59020130854,0.433231705095,0.141146262353,0.7907
KMLE,cold,42,2PL,40,0.839175903544,0.672303262811,0.428787471838,0.13965911198,0.793
KMLE,cold,42,CDLD,0,0.814059317303,0.232459072928,0.458270911012,0.148582823787,0.78185
KMLE,cold,42,CDLD,4,0.798191672242,0.341159698237,0.498568154942,0.156778123157,0.7761
KMLE,cold,42,CDLD,8,0.806463515522,0.41663387718,0.479888386524,0.152828346287,0.78
KMLE,cold,42,CDLD,12,0.815442725912,0.481655739247,0.465985710093,0.149015145363,0.7839
KMLE,cold,42,CDLD,16,0.819576419292,0.511496561029,0.459469767851,0.147491889668,0.7866
KMLE,cold,42,CDLD,20,0.825774594932,0.556462077919,0.450315271598,0.145180996808,0.78805
KMLE,cold,42,CDLD,40,0.834900096736,0.645590773161,0.437436009129,0.141801193875,0.79255
KMLE,cold,43,Constant,0,0.5,,0.588697144302,0.199617542879,0.7245
KMLE,cold,43,Item rate,0,0.825512713568,0.341497186753,0.440392779741,0.143166521844,0.79085
KMLE,cold,43,Constant,4,0.5,,0.588697144302,0.199617542879,0.7245
KMLE,cold,43,Item rate,4,0.825512713568,0.341497186753,0.440392779741,0.143166521844,0.79085
KMLE,cold,43,Constant,8,0.5,,0.588697144302,0.199617542879,0.7245
KMLE,cold,43,Item rate,8,0.825512713568,0.341497186753,0.440392779741,0.143166521844,0.79085
KMLE,cold,43,Constant,12,0.5,,0.588697144302,0.199617542879,0.7245
KMLE,cold,43,Item rate,12,0.825512713568,0.341497186753,0.440392779741,0.143166521844,0.79085
KMLE,cold,43,Constant,16,0.5,,0.588697144302,0.199617542879,0.7245
KMLE,cold,43,Item rate,16,0.825512713568,0.341497186753,0.440392779741,0.143166521844,0.79085
KMLE,cold,43,Constant,20,0.5,,0.588697144302,0.199617542879,0.7245
KMLE,cold,43,Item rate,20,0.825512713568,0.341497186753,0.440392779741,0.143166521844,0.79085
KMLE,cold,43,Constant,40,0.5,,0.588697144302,0.199617542879,0.7245
KMLE,cold,43,Item rate,40,0.825512713568,0.341497186753,0.440392779741,0.143166521844,0.79085
KMLE,cold,43,Rasch,0,0.825495604328,0.343353322839,0.441838687409,0.14351076688,0.79115
KMLE,cold,43,Rasch,4,0.824534487142,0.432872988427,0.442025202533,0.144354211194,0.7885
KMLE,cold,43,Rasch,8,0.824125906971,0.436080124576,0.443137126622,0.144832363415,0.7885
KMLE,cold,43,Rasch,12,0.825725727362,0.488053153961,0.441674885912,0.144308965311,0.7861
KMLE,cold,43,Rasch,16,0.827038329206,0.508363904837,0.440739588398,0.143914259426,0.78655
KMLE,cold,43,Rasch,20,0.829671849539,0.55171005277,0.438062753426,0.142919548741,0.7881
KMLE,cold,43,Rasch,40,0.835586824382,0.658729276156,0.431941276441,0.140701993171,0.7937
KMLE,cold,43,2PL,0,0.825502793716,0.341290966603,0.440441534949,0.143175732422,0.79115
KMLE,cold,43,2PL,4,0.830863452985,0.480882499418,0.434994276246,0.141655891727,0.7923
KMLE,cold,43,2PL,8,0.833235938422,0.511192460931,0.432738017322,0.14086832691,0.7926
KMLE,cold,43,2PL,12,0.834575512995,0.54698134643,0.431337046699,0.140404464469,0.7941
KMLE,cold,43,2PL,16,0.835774055328,0.573969875614,0.430097118917,0.140022639029,0.79435
KMLE,cold,43,2PL,20,0.837337283739,0.60846332545,0.428486633908,0.139437107821,0.7958
KMLE,cold,43,2PL,40,0.841670167423,0.685401402674,0.423860061919,0.137866189783,0.79775
KMLE,cold,43,CDLD,0,0.811768595652,0.187425297606,0.457196575702,0.148186193053,0.7833
KMLE,cold,43,CDLD,4,0.797207023055,0.380698648793,0.493712188982,0.155129881852,0.7768
KMLE,cold,43,CDLD,8,0.808639258065,0.419289699348,0.474687015854,0.149848714016,0.7834
KMLE,cold,43,CDLD,12,0.815850896607,0.467803321004,0.46195746777,0.146930801597,0.78585
KMLE,cold,43,CDLD,16,0.822494047462,0.511240283742,0.451285285653,0.14458342902,0.78725
KMLE,cold,43,CDLD,20,0.827977320863,0.563214516716,0.444194677152,0.142827642066,0.7893
KMLE,cold,43,CDLD,40,0.83912943904,0.675833607626,0.428907670919,0.138912109809,0.79425
KMLE,cold,44,Constant,0,0.5,,0.594192368601,0.202176529883,0.7187
KMLE,cold,44,Item rate,0,0.82360925672,0.435224047131,0.445535711336,0.144676773339,0.7893
KMLE,cold,44,Constant,4,0.5,,0.594192368601,0.202176529883,0.7187
KMLE,cold,44,Item rate,4,0.82360925672,0.435224047131,0.445535711336,0.144676773339,0.7893
KMLE,cold,44,Constant,8,0.5,,0.594192368601,0.202176529883,0.7187
KMLE,cold,44,Item rate,8,0.82360925672,0.435224047131,0.445535711336,0.144676773339,0.7893
KMLE,cold,44,Constant,12,0.5,,0.594192368601,0.202176529883,0.7187
KMLE,cold,44,Item rate,12,0.82360925672,0.435224047131,0.445535711336,0.144676773339,0.7893
KMLE,cold,44,Constant,16,0.5,,0.594192368601,0.202176529883,0.7187
KMLE,cold,44,Item rate,16,0.82360925672,0.435224047131,0.445535711336,0.144676773339,0.7893
KMLE,cold,44,Constant,20,0.5,,0.594192368601,0.202176529883,0.7187
KMLE,cold,44,Item rate,20,0.82360925672,0.435224047131,0.445535711336,0.144676773339,0.7893
KMLE,cold,44,Constant,40,0.5,,0.594192368601,0.202176529883,0.7187
KMLE,cold,44,Item rate,40,0.82360925672,0.435224047131,0.445535711336,0.144676773339,0.7893
KMLE,cold,44,Rasch,0,0.823605002881,0.433864869956,0.446440742566,0.144932950112,0.7893
KMLE,cold,44,Rasch,4,0.819239914605,0.405583116575,0.450089283234,0.146572043179,0.78465
KMLE,cold,44,Rasch,8,0.820969551612,0.467441015464,0.448937227299,0.146098593942,0.78745
KMLE,cold,44,Rasch,12,0.822442610391,0.50592078842,0.447338181525,0.14562192215,0.78865
KMLE,cold,44,Rasch,16,0.823285828913,0.520197411223,0.446395024091,0.145359495462,0.78845
KMLE,cold,44,Rasch,20,0.825713639654,0.563340851616,0.443781534197,0.144366679048,0.7897
KMLE,cold,44,Rasch,40,0.831376915582,0.671690276979,0.437987687249,0.142490519927,0.7934
KMLE,cold,44,2PL,0,0.823576258552,0.435150788427,0.445480387027,0.14466634417,0.7893
KMLE,cold,44,2PL,4,0.827400960853,0.528256078094,0.441375455042,0.143244657827,0.7923
KMLE,cold,44,2PL,8,0.829906144478,0.573248568347,0.439011450993,0.142487562052,0.79355
KMLE,cold,44,2PL,12,0.831119403734,0.598636008957,0.437785120992,0.142112470043,0.79355
KMLE,cold,44,2PL,16,0.831794335924,0.604703401145,0.436984756361,0.141935551673,0.79355
KMLE,cold,44,2PL,20,0.834008582912,0.648912083336,0.434639589182,0.141121407314,0.79545
KMLE,cold,44,2PL,40,0.838662709673,0.723423351364,0.42971666929,0.139553345074,0.79625
KMLE,cold,44,CDLD,0,0.807649599983,0.257725717015,0.466971531967,0.150464523581,0.78375
KMLE,cold,44,CDLD,4,0.794389121726,0.371420382167,0.502342653469,0.156512517816,0.77735
KMLE,cold,44,CDLD,8,0.805566937598,0.47002605977,0.484401485003,0.15192414268,0.78275
KMLE,cold,44,CDLD,12,0.813533364518,0.527843294017,0.469692419983,0.149045702801,0.7863
KMLE,cold,44,CDLD,16,0.819654997809,0.55750471196,0.458695743053,0.146780482253,0.7882
KMLE,cold,44,CDLD,20,0.825125979181,0.601235740994,0.45110477838,0.144682361751,0.79205
KMLE,cold,44,CDLD,40,0.834405234874,0.699392089711,0.438093217196,0.141362730874,0.79455
KMLE,cold,45,Constant,0,0.5,,0.591293473908,0.200827166391,0.72175
KMLE,cold,45,Item rate,0,0.825986927177,0.425547516837,0.441291178199,0.143166665338,0.793
KMLE,cold,45,Constant,4,0.5,,0.591293473908,0.200827166391,0.72175
KMLE,cold,45,Item rate,4,0.825986927177,0.425547516837,0.441291178199,0.143166665338,0.793
KMLE,cold,45,Constant,8,0.5,,0.591293473908,0.200827166391,0.72175
KMLE,cold,45,Item rate,8,0.825986927177,0.425547516837,0.441291178199,0.143166665338,0.793
KMLE,cold,45,Constant,12,0.5,,0.591293473908,0.200827166391,0.72175
KMLE,cold,45,Item rate,12,0.825986927177,0.425547516837,0.441291178199,0.143166665338,0.793
KMLE,cold,45,Constant,16,0.5,,0.591293473908,0.200827166391,0.72175
KMLE,cold,45,Item rate,16,0.825986927177,0.425547516837,0.441291178199,0.143166665338,0.793
KMLE,cold,45,Constant,20,0.5,,0.591293473908,0.200827166391,0.72175
KMLE,cold,45,Item rate,20,0.825986927177,0.425547516837,0.441291178199,0.143166665338,0.793
KMLE,cold,45,Constant,40,0.5,,0.591293473908,0.200827166391,0.72175
KMLE,cold,45,Item rate,40,0.825986927177,0.425547516837,0.441291178199,0.143166665338,0.793
KMLE,cold,45,Rasch,0,0.826013355405,0.427090218243,0.442415229987,0.143497406197,0.793
KMLE,cold,45,Rasch,4,0.822640003162,0.433117819838,0.445394751896,0.144954554501,0.78905
KMLE,cold,45,Rasch,8,0.826931932376,0.535439717485,0.44133264924,0.143553383851,0.7898
KMLE,cold,45,Rasch,12,0.828188549158,0.560839535915,0.440383564496,0.143289767931,0.79145
KMLE,cold,45,Rasch,16,0.828743691319,0.57996280204,0.439678479522,0.143059711539,0.78985
KMLE,cold,45,Rasch,20,0.82938461007,0.593934093542,0.438908111247,0.142811215091,0.79195
KMLE,cold,45,Rasch,40,0.83385333952,0.671700984992,0.434372034504,0.141211559627,0.79205
KMLE,cold,45,2PL,0,0.826023351574,0.425264678917,0.441299284201,0.143168411388,0.793
KMLE,cold,45,2PL,4,0.829917382224,0.511292505559,0.437520000026,0.141768033278,0.79605
KMLE,cold,45,2PL,8,0.833152593138,0.582796108576,0.434153184424,0.140713919682,0.7973
KMLE,cold,45,2PL,12,0.834675683136,0.609102052945,0.432663366738,0.140248161333,0.798
KMLE,cold,45,2PL,16,0.83591007307,0.62672617596,0.431428953305,0.139859453474,0.7985
KMLE,cold,45,2PL,20,0.837018017068,0.647372148481,0.430152879341,0.139477575976,0.7982
KMLE,cold,45,2PL,40,0.840369659075,0.70442100647,0.426628205793,0.138311703583,0.8013
KMLE,cold,45,CDLD,0,0.815464023595,0.306466359112,0.454555532851,0.14698830393,0.78595
KMLE,cold,45,CDLD,4,0.79730555942,0.398536284944,0.489165278635,0.154896583611,0.7776
KMLE,cold,45,CDLD,8,0.817665178756,0.540645722088,0.460166511153,0.146708677585,0.7907
KMLE,cold,45,CDLD,12,0.822905872625,0.577421725532,0.451824587939,0.144746406625,0.79315
KMLE,cold,45,CDLD,16,0.82619464956,0.596359090166,0.447127501068,0.143603604526,0.79455
KMLE,cold,45,CDLD,20,0.82915799082,0.620404715047,0.443035756931,0.142607210618,0.795
KMLE,cold,45,CDLD,40,0.836658403955,0.696405495891,0.433108836974,0.139864960199,0.79825
KMLE,cold,46,Constant,0,0.5,,0.594008008181,0.202090350557,0.7189
KMLE,cold,46,Item rate,0,0.821845597292,0.32777091715,0.448101582356,0.145225715768,0.79035
KMLE,cold,46,Constant,4,0.5,,0.594008008181,0.202090350557,0.7189
KMLE,cold,46,Item rate,4,0.821845597292,0.32777091715,0.448101582356,0.145225715768,0.79035
KMLE,cold,46,Constant,8,0.5,,0.594008008181,0.202090350557,0.7189
KMLE,cold,46,Item rate,8,0.821845597292,0.32777091715,0.448101582356,0.145225715768,0.79035
KMLE,cold,46,Constant,12,0.5,,0.594008008181,0.202090350557,0.7189
KMLE,cold,46,Item rate,12,0.821845597292,0.32777091715,0.448101582356,0.145225715768,0.79035
KMLE,cold,46,Constant,16,0.5,,0.594008008181,0.202090350557,0.7189
KMLE,cold,46,Item rate,16,0.821845597292,0.32777091715,0.448101582356,0.145225715768,0.79035
KMLE,cold,46,Constant,20,0.5,,0.594008008181,0.202090350557,0.7189
KMLE,cold,46,Item rate,20,0.821845597292,0.32777091715,0.448101582356,0.145225715768,0.79035
KMLE,cold,46,Constant,40,0.5,,0.594008008181,0.202090350557,0.7189
KMLE,cold,46,Item rate,40,0.821845597292,0.32777091715,0.448101582356,0.145225715768,0.79035
KMLE,cold,46,Rasch,0,0.821831197253,0.323968927857,0.448531161294,0.145452302561,0.78955
KMLE,cold,46,Rasch,4,0.819861633195,0.367006230871,0.450508149502,0.146755976203,0.78515
KMLE,cold,46,Rasch,8,0.824218498517,0.484193267516,0.446691901924,0.145531514726,0.7842
KMLE,cold,46,Rasch,12,0.825973026946,0.532101245889,0.445022099697,0.14479138823,0.7865
KMLE,cold,46,Rasch,16,0.828866667716,0.578110934162,0.442286776952,0.143607863843,0.7905
KMLE,cold,46,Rasch,20,0.828695982721,0.579447750133,0.442662186823,0.143800535554,0.7906
KMLE,cold,46,Rasch,40,0.833118143064,0.65892101536,0.437705846611,0.142139070197,0.7915
KMLE,cold,46,2PL,0,0.821854257109,0.327713770603,0.448035256898,0.14522454019,0.79035
KMLE,cold,46,2PL,4,0.826335211425,0.434664869151,0.4436618723,0.143922492449,0.79115
KMLE,cold,46,2PL,8,0.83051108657,0.539246505098,0.439357131087,0.142604851511,0.7904
KMLE,cold,46,2PL,12,0.832407339091,0.584713281535,0.437582997897,0.141977669136,0.79075
KMLE,cold,46,2PL,16,0.834529773664,0.620227955398,0.435395573707,0.141130096848,0.7924
KMLE,cold,46,2PL,20,0.835490926763,0.629077113998,0.434158139038,0.140770270125,0.79385
KMLE,cold,46,2PL,40,0.838947560799,0.691230564572,0.430192995601,0.139493249329,0.7959
KMLE,cold,46,CDLD,0,0.809289635698,0.201992305429,0.464770273545,0.149739713788,0.784
KMLE,cold,46,CDLD,4,0.792445629586,0.312446186523,0.51379562343,0.159696240784,0.7747
KMLE,cold,46,CDLD,8,0.807419826547,0.448447146466,0.48235493867,0.152390504527,0.7827
KMLE,cold,46,CDLD,12,0.816909520103,0.517162468792,0.466578580855,0.148590964024,0.7856
KMLE,cold,46,CDLD,16,0.82419373144,0.568347829805,0.454373707445,0.145530575385,0.7902
KMLE,cold,46,CDLD,20,0.827737483236,0.586294617894,0.448068451184,0.144229916902,0.79035
KMLE,cold,46,CDLD,40,0.835718444901,0.670054076082,0.435968512681,0.141093440693,0.7938
EdNet,warm,42,Constant,-1,0.5,,0.631662926064,0.219868043513,0.67425
EdNet,warm,42,Item rate,-1,0.712319950737,0.143450430248,0.565449568597,0.19171170461,0.71255
EdNet,warm,42,Rasch,-1,0.762664618969,0.788521747734,0.530814060325,0.177964717293,0.7327
EdNet,warm,42,2PL,-1,0.767046264702,0.79894804506,0.526880934888,0.176267044125,0.7368
EdNet,warm,42,CDLD,-1,0.766462141642,0.795063878516,0.528113274352,0.176800219844,0.73475
EdNet,warm,43,Constant,-1,0.5,,0.626438784356,0.217386165413,0.6808
EdNet,warm,43,Item rate,-1,0.717739899792,0.129983946173,0.558402224422,0.188818140822,0.71665
EdNet,warm,43,Rasch,-1,0.766862976008,0.793841762272,0.524006473372,0.17527235738,0.73735
EdNet,warm,43,2PL,-1,0.771824445809,0.796774824524,0.519612805485,0.17359220643,0.7384
EdNet,warm,43,CDLD,-1,0.771916537175,0.789971324335,0.520007070238,0.173615894955,0.74035
EdNet,warm,44,Constant,-1,0.5,,0.63018560331,0.219166283457,0.6761
EdNet,warm,44,Item rate,-1,0.716496013335,0.155589996168,0.562677613594,0.190432236518,0.71305
EdNet,warm,44,Rasch,-1,0.762373607115,0.773260437426,0.530162083832,0.177602607794,0.7353
EdNet,warm,44,2PL,-1,0.766732608779,0.778560863721,0.525744970669,0.176074761135,0.7372
EdNet,warm,44,CDLD,-1,0.768757027472,0.76690107333,0.525815270187,0.175906667483,0.73785
EdNet,warm,45,Constant,-1,0.5,,0.625959297848,0.21715841562,0.6814
EdNet,warm,45,Item rate,-1,0.729722756323,0.171623091365,0.550064857827,0.185415560773,0.7214
EdNet,warm,45,Rasch,-1,0.780292695967,0.835179152986,0.513245179717,0.170808601213,0.7454
EdNet,warm,45,2PL,-1,0.783962465068,0.841138199181,0.509174347033,0.169472481765,0.7456
EdNet,warm,45,CDLD,-1,0.780797897538,0.827379847621,0.511482012622,0.17039367435,0.74585
EdNet,warm,46,Constant,-1,0.5,,0.630985712032,0.219546279477,0.6751
EdNet,warm,46,Item rate,-1,0.71483385793,0.147810912396,0.563488544766,0.190537405743,0.7158
EdNet,warm,46,Rasch,-1,0.764040417345,0.782906096994,0.529382933889,0.177218025213,0.73665
EdNet,warm,46,2PL,-1,0.769440618193,0.786743264274,0.524481324972,0.175364471409,0.73975
EdNet,warm,46,CDLD,-1,0.768827716961,0.770378581284,0.525758927049,0.17571974419,0.73775
EdNet,cold,42,Constant,0,0.5,,0.631655188895,0.219864730015,0.67425
EdNet,cold,42,Item rate,0,0.712316137626,0.143521046605,0.565442807485,0.191710344712,0.71255
EdNet,cold,42,Constant,4,0.5,,0.631655188895,0.219864730015,0.67425
EdNet,cold,42,Item rate,4,0.712316137626,0.143521046605,0.565442807485,0.191710344712,0.71255
EdNet,cold,42,Constant,8,0.5,,0.631655188895,0.219864730015,0.67425
EdNet,cold,42,Item rate,8,0.712316137626,0.143521046605,0.565442807485,0.191710344712,0.71255
EdNet,cold,42,Constant,12,0.5,,0.631655188895,0.219864730015,0.67425
EdNet,cold,42,Item rate,12,0.712316137626,0.143521046605,0.565442807485,0.191710344712,0.71255
EdNet,cold,42,Constant,16,0.5,,0.631655188895,0.219864730015,0.67425
EdNet,cold,42,Item rate,16,0.712316137626,0.143521046605,0.565442807485,0.191710344712,0.71255
EdNet,cold,42,Constant,20,0.5,,0.631655188895,0.219864730015,0.67425
EdNet,cold,42,Item rate,20,0.712316137626,0.143521046605,0.565442807485,0.191710344712,0.71255
EdNet,cold,42,Constant,40,0.5,,0.631655188895,0.219864730015,0.67425
EdNet,cold,42,Item rate,40,0.712316137626,0.143521046605,0.565442807485,0.191710344712,0.71255
EdNet,cold,42,Rasch,0,0.711288896932,0.0415426885589,0.592980892112,0.203959187675,0.6819
EdNet,cold,42,Rasch,4,0.72636225521,0.414679583844,0.566403999232,0.192619950822,0.7073
EdNet,cold,42,Rasch,8,0.734832546097,0.529160471062,0.556131188361,0.188351015622,0.7138
EdNet,cold,42,Rasch,12,0.740282005161,0.578072152855,0.550315968501,0.185905763382,0.7183
EdNet,cold,42,Rasch,16,0.745174089855,0.627921109023,0.545414221023,0.1839420413,0.72405
EdNet,cold,42,Rasch,20,0.74841373733,0.659333939832,0.542522959063,0.182722448739,0.7257
EdNet,cold,42,Rasch,40,0.752616923781,0.695863995151,0.539191727704,0.181191495639,0.7282
EdNet,cold,42,2PL,0,0.70971534558,0.0389847671423,0.590838820159,0.202761263227,0.6871
EdNet,cold,42,2PL,4,0.72721972141,0.395801451602,0.564855437736,0.191891902558,0.7078
EdNet,cold,42,2PL,8,0.737238169468,0.521038092381,0.55356247183,0.187208956688,0.7155
EdNet,cold,42,2PL,12,0.742818355633,0.571131632822,0.547599057597,0.184825664059,0.72135
EdNet,cold,42,2PL,16,0.747315919937,0.617076978008,0.542878015287,0.182952743233,0.7286
EdNet,cold,42,2PL,20,0.750909816797,0.649970947566,0.539759880914,0.181683221773,0.7282
EdNet,cold,42,2PL,40,0.757173471789,0.707236525819,0.53461934034,0.179343042058,0.7342
EdNet,cold,42,CDLD,0,0.692190498467,-0.0520065650515,0.634664599997,0.221935541816,0.64375
EdNet,cold,42,CDLD,4,0.710835261942,0.378575309081,0.597335672249,0.20342229722,0.6866
EdNet,cold,42,CDLD,8,0.726634494255,0.487942712759,0.573519364522,0.194213264699,0.70605
EdNet,cold,42,CDLD,12,0.736011941297,0.552830805678,0.560558457283,0.189176875872,0.71665
EdNet,cold,42,CDLD,16,0.74124649457,0.598126177309,0.552813961769,0.186387195258,0.72295
EdNet,cold,42,CDLD,20,0.746357104665,0.635985210033,0.547458211907,0.184311368756,0.72505
EdNet,cold,42,CDLD,40,0.754671342565,0.697403437056,0.538782731131,0.180546544544,0.7322
EdNet,cold,43,Constant,0,0.5,,0.626435976429,0.217384962934,0.6808
EdNet,cold,43,Item rate,0,0.717732663631,0.130093598027,0.558402104966,0.188818061896,0.7166
EdNet,cold,43,Constant,4,0.5,,0.626435976429,0.217384962934,0.6808
EdNet,cold,43,Item rate,4,0.717732663631,0.130093598027,0.558402104966,0.188818061896,0.7166
EdNet,cold,43,Constant,8,0.5,,0.626435976429,0.217384962934,0.6808
EdNet,cold,43,Item rate,8,0.717732663631,0.130093598027,0.558402104966,0.188818061896,0.7166
EdNet,cold,43,Constant,12,0.5,,0.626435976429,0.217384962934,0.6808
EdNet,cold,43,Item rate,12,0.717732663631,0.130093598027,0.558402104966,0.188818061896,0.7166
EdNet,cold,43,Constant,16,0.5,,0.626435976429,0.217384962934,0.6808
EdNet,cold,43,Item rate,16,0.717732663631,0.130093598027,0.558402104966,0.188818061896,0.7166
EdNet,cold,43,Constant,20,0.5,,0.626435976429,0.217384962934,0.6808
EdNet,cold,43,Item rate,20,0.717732663631,0.130093598027,0.558402104966,0.188818061896,0.7166
EdNet,cold,43,Constant,40,0.5,,0.626435976429,0.217384962934,0.6808
EdNet,cold,43,Item rate,40,0.717732663631,0.130093598027,0.558402104966,0.188818061896,0.7166
EdNet,cold,43,Rasch,0,0.715157700453,0.0372827537239,0.592929920113,0.203963404111,0.6791
EdNet,cold,43,Rasch,4,0.728330619715,0.377384890238,0.562699676209,0.190686319525,0.7141
EdNet,cold,43,Rasch,8,0.734176741842,0.450172234467,0.552213514468,0.186218788295,0.71925
EdNet,cold,43,Rasch,12,0.742951668518,0.544209101713,0.544535567416,0.18313546416,0.7256
EdNet,cold,43,Rasch,16,0.747258725913,0.594677136212,0.540250003212,0.181452303897,0.7284
EdNet,cold,43,Rasch,20,0.74894782882,0.609744772761,0.538250878348,0.180612830983,0.73095
EdNet,cold,43,Rasch,40,0.758912603556,0.71057362387,0.530209861222,0.177526609681,0.7357
EdNet,cold,43,2PL,0,0.712927496059,0.0410703028579,0.590034595817,0.202470930536,0.68445
EdNet,cold,43,2PL,4,0.730364159287,0.39206279921,0.55995451054,0.189518738573,0.71485
EdNet,cold,43,2PL,8,0.737788719375,0.473767473026,0.549448830973,0.185190193477,0.7218
EdNet,cold,43,2PL,12,0.746902278832,0.562176493775,0.541342866792,0.181982365136,0.72765
EdNet,cold,43,2PL,16,0.751746428489,0.614261643994,0.536487431223,0.180135027082,0.7303
EdNet,cold,43,2PL,20,0.754485407482,0.638956509029,0.53339961374,0.178853136907,0.7326
EdNet,cold,43,2PL,40,0.764234730987,0.725114384083,0.525549994936,0.175805785017,0.7378
EdNet,cold,43,CDLD,0,0.693592721062,0.0258774845596,0.634281587636,0.221921076566,0.6407
EdNet,cold,43,CDLD,4,0.712147664531,0.361303184326,0.578674837478,0.196486732076,0.7021
EdNet,cold,43,CDLD,8,0.727237815593,0.458085750605,0.561329745818,0.189307825148,0.7136
EdNet,cold,43,CDLD,12,0.740106810339,0.552206449085,0.549032342255,0.184691746282,0.72405
EdNet,cold,43,CDLD,16,0.745898149319,0.604566559194,0.542657077574,0.182270896145,0.7269
EdNet,cold,43,CDLD,20,0.748908691428,0.626826349597,0.538718634512,0.180709946463,0.72885
EdNet,cold,43,CDLD,40,0.760290051105,0.724726235943,0.528719318387,0.176833267008,0.7378
EdNet,cold,44,Constant,0,0.5,,0.630177650596,0.219162877415,0.6761
EdNet,cold,44,Item rate,0,0.716489146545,0.155603536377,0.562674697099,0.190430384469,0.71285
EdNet,cold,44,Constant,4,0.5,,0.630177650596,0.219162877415,0.6761
EdNet,cold,44,Item rate,4,0.716489146545,0.155603536377,0.562674697099,0.190430384469,0.71285
EdNet,cold,44,Constant,8,0.5,,0.630177650596,0.219162877415,0.6761
EdNet,cold,44,Item rate,8,0.716489146545,0.155603536377,0.562674697099,0.190430384469,0.71285
EdNet,cold,44,Constant,12,0.5,,0.630177650596,0.219162877415,0.6761
EdNet,cold,44,Item rate,12,0.716489146545,0.155603536377,0.562674697099,0.190430384469,0.71285
EdNet,cold,44,Constant,16,0.5,,0.630177650596,0.219162877415,0.6761
EdNet,cold,44,Item rate,16,0.716489146545,0.155603536377,0.562674697099,0.190430384469,0.71285
EdNet,cold,44,Constant,20,0.5,,0.630177650596,0.219162877415,0.6761
EdNet,cold,44,Item rate,20,0.716489146545,0.155603536377,0.562674697099,0.190430384469,0.71285
EdNet,cold,44,Constant,40,0.5,,0.630177650596,0.219162877415,0.6761
EdNet,cold,44,Item rate,40,0.716489146545,0.155603536377,0.562674697099,0.190430384469,0.71285
EdNet,cold,44,Rasch,0,0.711243489906,0.0287117902893,0.595580625501,0.204915074785,0.67815
EdNet,cold,44,Rasch,4,0.721321505772,0.331476012809,0.570808705323,0.194511788928,0.7
EdNet,cold,44,Rasch,8,0.728334547399,0.435315693286,0.560914286464,0.190332425482,0.7107
EdNet,cold,44,Rasch,12,0.735133605469,0.502778584526,0.553330884847,0.187108121532,0.71675
EdNet,cold,44,Rasch,16,0.739450453149,0.548297297966,0.549751833575,0.185669991371,0.7173
EdNet,cold,44,Rasch,20,0.741960404686,0.571749527888,0.547487728131,0.184662141083,0.72255
EdNet,cold,44,Rasch,40,0.753083240014,0.682262428203,0.537728649366,0.180724292803,0.73085
EdNet,cold,44,2PL,0,0.70585366493,0.0370382884627,0.594595756747,0.204270339275,0.6818
EdNet,cold,44,2PL,4,0.722006198354,0.339205108059,0.568068026764,0.193333951411,0.70345
EdNet,cold,44,2PL,8,0.730136705856,0.44202297995,0.557376919246,0.18879094693,0.71305
EdNet,cold,44,2PL,12,0.737474164773,0.513948527078,0.549788155729,0.185642936591,0.71955
EdNet,cold,44,2PL,16,0.741794403038,0.556449744706,0.546228999564,0.184316278204,0.72165
EdNet,cold,44,2PL,20,0.745102220758,0.582709450507,0.543424554224,0.183127091626,0.72535
EdNet,cold,44,2PL,40,0.756428005972,0.687286670765,0.534027743801,0.179403502273,0.73075
EdNet,cold,44,CDLD,0,0.674059400483,-0.00672376388878,0.64487655113,0.226757505615,0.62195
EdNet,cold,44,CDLD,4,0.693307868636,0.312176742695,0.60156473992,0.207049241472,0.67365
EdNet,cold,44,CDLD,8,0.709726323206,0.399313674457,0.581929745226,0.198625578751,0.69205
EdNet,cold,44,CDLD,12,0.719776637882,0.457047101595,0.569696134717,0.193751750739,0.70045
EdNet,cold,44,CDLD,16,0.72762012156,0.507935774129,0.562611028478,0.19094598564,0.70875
EdNet,cold,44,CDLD,20,0.733142025215,0.53741132756,0.557221720061,0.188485475155,0.7148
EdNet,cold,44,CDLD,40,0.750994149061,0.654058985206,0.540083698911,0.1816737741,0.72455
EdNet,cold,45,Constant,0,0.5,,0.625954926099,0.217156543279,0.6814
EdNet,cold,45,Item rate,0,0.729720458931,0.171557488784,0.550058530986,0.185413800196,0.72165
EdNet,cold,45,Constant,4,0.5,,0.625954926099,0.217156543279,0.6814
EdNet,cold,45,Item rate,4,0.729720458931,0.171557488784,0.550058530986,0.185413800196,0.72165
EdNet,cold,45,Constant,8,0.5,,0.625954926099,0.217156543279,0.6814
EdNet,cold,45,Item rate,8,0.729720458931,0.171557488784,0.550058530986,0.185413800196,0.72165
EdNet,cold,45,Constant,12,0.5,,0.625954926099,0.217156543279,0.6814
EdNet,cold,45,Item rate,12,0.729720458931,0.171557488784,0.550058530986,0.185413800196,0.72165
EdNet,cold,45,Constant,16,0.5,,0.625954926099,0.217156543279,0.6814
EdNet,cold,45,Item rate,16,0.729720458931,0.171557488784,0.550058530986,0.185413800196,0.72165
EdNet,cold,45,Constant,20,0.5,,0.625954926099,0.217156543279,0.6814
EdNet,cold,45,Item rate,20,0.729720458931,0.171557488784,0.550058530986,0.185413800196,0.72165
EdNet,cold,45,Constant,40,0.5,,0.625954926099,0.217156543279,0.6814
EdNet,cold,45,Item rate,40,0.729720458931,0.171557488784,0.550058530986,0.185413800196,0.72165
EdNet,cold,45,Rasch,0,0.724243299125,0.0362339625731,0.590405648999,0.202681314402,0.6804
EdNet,cold,45,Rasch,4,0.734981888494,0.353089311665,0.561479320691,0.190110566129,0.71365
EdNet,cold,45,Rasch,8,0.748589015848,0.513866895595,0.543992157311,0.182914399629,0.72565
EdNet,cold,45,Rasch,12,0.75547097585,0.593870264511,0.536472426857,0.179847162262,0.73115
EdNet,cold,45,Rasch,16,0.758186717148,0.621635217605,0.53290821495,0.178443458362,0.7346
EdNet,cold,45,Rasch,20,0.761702555261,0.659283135603,0.529778126536,0.177198430492,0.73805
EdNet,cold,45,Rasch,40,0.768923147314,0.731911179621,0.522534464836,0.174271293707,0.74095
EdNet,cold,45,2PL,0,0.720103848774,0.0375945030849,0.587698534916,0.201201833036,0.6889
EdNet,cold,45,2PL,4,0.735855536384,0.356054607917,0.559667547751,0.189348111263,0.7147
EdNet,cold,45,2PL,8,0.750947803542,0.5244245648,0.541445046802,0.181833134545,0.7273
EdNet,cold,45,2PL,12,0.757969771994,0.598746893786,0.534090299699,0.178919778472,0.7315
EdNet,cold,45,2PL,16,0.761902445595,0.636592988997,0.529414185558,0.177150684671,0.7354
EdNet,cold,45,2PL,20,0.764928899015,0.673398540159,0.526207204449,0.175974902384,0.737
EdNet,cold,45,2PL,40,0.77228797944,0.741359984364,0.519156671474,0.173161028767,0.74175
EdNet,cold,45,CDLD,0,0.696882529571,-0.0217562393766,0.623917751201,0.217312009514,0.6497
EdNet,cold,45,CDLD,4,0.716464135773,0.339820071236,0.579513134267,0.196889086891,0.7014
EdNet,cold,45,CDLD,8,0.734595408515,0.493722011843,0.555997494186,0.187224036812,0.71985
EdNet,cold,45,CDLD,12,0.744095243241,0.573919166028,0.546161766767,0.183339415465,0.72675
EdNet,cold,45,CDLD,16,0.749789555485,0.617849974647,0.539401538832,0.180946431174,0.7297
EdNet,cold,45,CDLD,20,0.755289925278,0.663021162765,0.534046964406,0.178938470571,0.7346
EdNet,cold,45,CDLD,40,0.765819313833,0.731219059188,0.524450062664,0.175203506001,0.74095
EdNet,cold,46,Constant,0,0.5,,0.630978796319,0.219543317844,0.6751
EdNet,cold,46,Item rate,0,0.714833008792,0.147804536782,0.563482982775,0.190535139806,0.71565
EdNet,cold,46,Constant,4,0.5,,0.630978796319,0.219543317844,0.6751
EdNet,cold,46,Item rate,4,0.714833008792,0.147804536782,0.563482982775,0.190535139806,0.71565
EdNet,cold,46,Constant,8,0.5,,0.630978796319,0.219543317844,0.6751
EdNet,cold,46,Item rate,8,0.714833008792,0.147804536782,0.563482982775,0.190535139806,0.71565
EdNet,cold,46,Constant,12,0.5,,0.630978796319,0.219543317844,0.6751
EdNet,cold,46,Item rate,12,0.714833008792,0.147804536782,0.563482982775,0.190535139806,0.71565
EdNet,cold,46,Constant,16,0.5,,0.630978796319,0.219543317844,0.6751
EdNet,cold,46,Item rate,16,0.714833008792,0.147804536782,0.563482982775,0.190535139806,0.71565
EdNet,cold,46,Constant,20,0.5,,0.630978796319,0.219543317844,0.6751
EdNet,cold,46,Item rate,20,0.714833008792,0.147804536782,0.563482982775,0.190535139806,0.71565
EdNet,cold,46,Constant,40,0.5,,0.630978796319,0.219543317844,0.6751
EdNet,cold,46,Item rate,40,0.714833008792,0.147804536782,0.563482982775,0.190535139806,0.71565
EdNet,cold,46,Rasch,0,0.713026794612,0.0176609478136,0.594780679181,0.204458826903,0.68345
EdNet,cold,46,Rasch,4,0.726616479056,0.376035903199,0.566797050688,0.192243881305,0.70865
EdNet,cold,46,Rasch,8,0.732321378103,0.454702098897,0.559240959422,0.188821603222,0.7164
EdNet,cold,46,Rasch,12,0.737284631726,0.511873811238,0.552944807722,0.186231500475,0.72105
EdNet,cold,46,Rasch,16,0.741884892946,0.55610006311,0.548360376645,0.18432485686,0.72565
EdNet,cold,46,Rasch,20,0.745322763533,0.588906321594,0.545109493068,0.183137940147,0.7291
EdNet,cold,46,Rasch,40,0.755506759164,0.692470110085,0.536070800834,0.179670178816,0.7338
EdNet,cold,46,2PL,0,0.710147947714,0.0244283551253,0.592258717161,0.203114110912,0.6862
EdNet,cold,46,2PL,4,0.726281320155,0.354016981618,0.565996881503,0.191868213725,0.7089
EdNet,cold,46,2PL,8,0.73547157315,0.454424320576,0.555820953635,0.187284821606,0.72
EdNet,cold,46,2PL,12,0.741091022663,0.513546381875,0.549156411234,0.184660287429,0.7241
EdNet,cold,46,2PL,16,0.74575922635,0.561298162858,0.544779915114,0.182846510248,0.7266
EdNet,cold,46,2PL,20,0.749898473826,0.598213203474,0.541027606329,0.181399581964,0.73105
EdNet,cold,46,2PL,40,0.760145676126,0.698397378906,0.531917213423,0.178040452119,0.73675
EdNet,cold,46,CDLD,0,0.694684448559,0.0261764750311,0.628326556705,0.219150584866,0.6479
EdNet,cold,46,CDLD,4,0.70953610648,0.359336400107,0.583341246708,0.198474347907,0.69785
EdNet,cold,46,CDLD,8,0.726441032253,0.459853593275,0.564380071648,0.190459224571,0.7131
EdNet,cold,46,CDLD,12,0.736180871532,0.527902741571,0.55433074016,0.186493018235,0.7226
EdNet,cold,46,CDLD,16,0.742597656269,0.574799739543,0.548255482609,0.184054939425,0.72605
EdNet,cold,46,CDLD,20,0.748573287981,0.612686686246,0.543030942366,0.182011469218,0.7295
EdNet,cold,46,CDLD,40,0.75902416951,0.703869709726,0.532820586468,0.178351049977,0.73525
