dataset,unit,target,baseline_r2,latent_r2,delta_r2,ci_low,ci_high,entity_union_n
KMLE,student,Rasch_theta,0.983064725911,0.952970785043,-0.0300939408679,-0.0350280939897,-0.0259641728899,1843
KMLE,student,2PL_theta,0.929152069518,0.981818333619,0.0526662641007,0.0476734467919,0.0580040927267,1843
KMLE,item,Rasch_b,0.901585384196,0.964968807316,0.06338342312,0.0344170515623,0.0942383933241,360
KMLE,item,2PL_b,0.421481882478,0.472463153534,0.0509812710558,-0.0202765101442,0.0974652944065,360
KMLE,item,2PL_log_a,0.234080905168,0.87146635999,0.637385454821,0.548157310302,0.727220733383,360
EdNet,student,Rasch_theta,0.713334444457,0.966269186508,0.252934742051,0.236713012201,0.272239760718,2480
EdNet,student,2PL_theta,0.677817357171,0.972420885597,0.294603528426,0.276189253001,0.317144693756,2480
EdNet,item,Rasch_b,0.91022413055,0.984765613869,0.0745414833194,0.071391138729,0.0776943654058,12267
EdNet,item,2PL_b,0.491502591061,0.621046339185,0.129543748124,0.114801664654,0.145388614444,12267
EdNet,item,2PL_log_a,0.143264371311,0.848053345366,0.704788974055,0.689089008078,0.719702636685,12267
