seed,condition,n,mse,rmse,r2
42,B1,19986,0.24907130013,0.499070436041,0.306934555578
42,M1,19986,0.248215854101,0.498212659515,0.30931491848
42,B2,19986,0.247074233063,0.497065622492,0.31249159155
42,M2,19986,0.246858498933,0.496848567406,0.313091893033
43,B1,19917,0.248857224898,0.49885591597,0.311214382174
43,M1,19917,0.2493602505,0.499359840697,0.309822110761
43,B2,19917,0.246509212068,0.496496940643,0.31771319879
43,M2,19917,0.247409231371,0.497402484283,0.31522213046
44,B1,19975,0.248154565306,0.498151147049,0.322358183898
44,M1,19975,0.246840886016,0.496830842457,0.325945480463
44,B2,19975,0.245574847133,0.495555089908,0.32940268419
44,M2,19975,0.245233885002,0.495210950002,0.330333757924
45,B1,19927,0.247082952395,0.49707439322,0.323329250058
45,M1,19927,0.245550813383,0.495530839992,0.3275252241
45,B2,19927,0.243870614489,0.493832577387,0.332126680553
45,M2,19927,0.243468953151,0.493425732153,0.333226685536
46,B1,19985,0.254582738,0.504561926824,0.315677981278
46,M1,19985,0.254366920586,0.504348015349,0.316258101555
46,B2,19985,0.252027824857,0.502023729376,0.322545624127
46,M2,19985,0.252791456134,0.502783707108,0.320492972399
